location,Company,Model,ModelType,Year,Kms,Fuel,Transmission,Color,No_of_owner,RTO,Insurance,Price
"Purvi Patel Nagar, Dehradun, Uttaranchal",Honda,City,2008-2011 1.5 S MT,2009,"52,000 km",Petrol,Manual,Silver,1st,UK,No Insurance,"₹ 3,00,000"
"Race Course, Dehradun, Uttaranchal",Tata,Safari,EX 4x2,2009,"77,000 km",Diesel,Manual,White,1st,UK,Not Available,"₹ 2,10,000"
"Race Course, Dehradun, Uttaranchal",Volkswagen,Ameo,Not Available,2017,"57,000 km",Petrol,Manual,Blue,1st,UK,Comprehensive,"₹ 4,50,000"
"Rajpur Road, Dehradun, Uttaranchal",Toyota,Innova Crysta,2.8 ZX AT,2018,"16,000 km",Diesel,Automatic,Not Available,1st,Not Available,Not Available,"₹ 25,00,000"
"Harbans Wala, Dehradun, Uttaranchal",Maruti Suzuki,Ritz,ZXi,2013,"79,000 km",Petrol,Automatic,White,3rd,UK,Comprehensive,"₹ 3,20,000"
"Harbans Wala, Dehradun, Uttaranchal",Honda,Brio,2011-2013 S MT,2013,"45,000 km",Petrol,Manual,Blue,1st,UK,Third Party,"₹ 3,00,000"
"Jakhan, Dehradun, Uttaranchal",Ford,Freestyle,Titanium Petrol,2021,"6,900 km",Petrol,Manual,Not Available,1st,Not Available,Not Available,"₹ 6,75,000"
"Harbans Wala, Dehradun, Uttaranchal",Volkswagen,Polo,1.2 MPI Trendline,2013,"81,000 km",Diesel,Manual,White,3rd,UK,Third Party,"₹ 2,75,000"
"Harbans Wala, Dehradun, Uttaranchal",Mahindra,TUV 300,T8,2018,"36,000 km",Diesel,Manual,White,1st,UK,Comprehensive,"₹ 7,50,000"
"Gandhi Park, Dehradun, Uttaranchal",Renault,Duster,110PS Diesel RxZ,2013,"78,000 km",Diesel,Manual,Brown,Not Available,UK,Not Available,"₹ 4,25,000"
"Mehunwala, Dehradun, Uttaranchal",Hyundai,i10,Era,2011,"100,000 km",Petrol,Manual,Red,1st,UK,No Insurance,"₹ 1,90,000"
"Mehunwala, Dehradun, Uttaranchal",Honda,Mobilio,V i-DTEC,2015,"76,000 km",Diesel,Manual,Silver,1st,UK,Comprehensive,"₹ 4,75,000"
"Mehunwala, Dehradun, Uttaranchal",Maruti Suzuki,Celerio,2014-2017 VXI,2016,"53,000 km",Petrol,Manual,White,1st,UK,Comprehensive,"₹ 3,45,000"
"Rajpur Road, Dehradun, Uttaranchal",Ford,Figo,Not Available,2011,"68,000 km",Diesel,Manual,Not Available,2nd,Not Available,Not Available,"₹ 1,90,000"
"Race Course, Dehradun, Uttaranchal",Honda,City,2011-2013 V MT,2012,"64,000 km",Petrol,Manual,Not Available,2nd,Not Available,Not Available,"₹ 4,10,000"
"Badowala, Dehradun, Uttaranchal",Mahindra,Bolero,2001-2010 DI DX 7 Seater,2011,"97,000 km",Diesel,Automatic,Not Available,2nd,Not Available,Not Available,"₹ 3,50,000"
"Qureshyaan Colony, Vikasnagar, Uttaranchal",Other Brands,Others,Not Available,2012,"90,000 km",Diesel,Manual,Not Available,1st,Not Available,Not Available,"₹ 1,00,000"
"Gandhi Gram, Dehradun, Uttaranchal",Tata,Indica Vista,2008-2013 Terra 1.4 TDI,2009,"55,000 km",Diesel,Manual,Not Available,1st,Not Available,Not Available,"₹ 1,25,000"
"Mehunwala, Dehradun, Uttaranchal",Ford,Ecosport,1.5 Diesel Trend,2015,"74,000 km",Diesel,Manual,Silver,1st,UK,No Insurance,"₹ 5,40,000"
"Ballupura, Dehradun, Uttaranchal",Maruti Suzuki,Wagon R,Duo LXi LPG,2008,90 km,Petrol,Manual,Not Available,2nd,Not Available,Not Available,"₹ 1,40,000"
"Vidya Vihar, Dehradun, Uttaranchal",Maruti Suzuki,Swift Dzire Tour,LDI,2019,"25,000 km",Diesel,Manual,Not Available,1st,Not Available,Not Available,"₹ 5,95,000"
"Mahadev Vihar, Dehradun, Uttaranchal",Mahindra,Thar,CRDE 4X4 BS IV,2017,"14,400 km",Diesel,Manual,Red,2nd,UK,Third Party,"₹ 8,21,000"
"Shakti Vihar, Dehradun, Uttaranchal",Honda,City,2003-2005 1.5 GXI,2004,"51,000 km",Petrol,Manual,Gold,3rd,UK,Third Party,"₹ 1,35,000"
"MDDA Colony, Dehradun, Uttaranchal",Tata,Manza,Club Class Quadrajet90 EXL,2014,"75,000 km",Diesel,Manual,Not Available,2nd,Not Available,Not Available,"₹ 3,60,000"
"Landour, Mussoorie, Uttaranchal",Maruti Suzuki,Alto,2005-2010 LX BSIII,2007,"50,000 km",Petrol,Manual,Not Available,1st,Not Available,Not Available,"₹ 1,00,000"
"Canal Road, Dehradun, Uttaranchal",Maruti Suzuki,Zen Estilo,LXI BS IV,2007,"110,900 km",Petrol,Manual,Not Available,2nd,Not Available,Not Available,"₹ 85,000"
"Matawala Bagh, Dehradun, Uttaranchal",Mercedes-Benz,CLA,Not Available,2005,"80,000 km",Diesel,Automatic,Red,2nd,UK,Comprehensive,"₹ 7,00,000"
"Lakshman Pur, Vikasnagar, Uttaranchal",Maruti Suzuki,Alto,LXi,2009,"80,000 km",Petrol,Manual,Not Available,2nd,Not Available,Not Available,"₹ 1,20,000"
"Matrali, Paonta Sahib, Himachal Pradesh",Honda,City,2014-2015 i DTEC S,2014,"62,000 km",Diesel,Manual,Not Available,2nd,Not Available,Not Available,"₹ 5,50,000"
"Akhara Mohalla, Dehradun, Uttaranchal",Hyundai,Grand i10,Sportz 1.2 Kappa VTVT,2017,"65,000 km",Petrol,Manual,Not Available,2nd,Not Available,Not Available,"₹ 4,50,000"
"Dobhalwala, Dehradun, Uttaranchal",Ford,Figo,2010-2012 Diesel ZXI,2012,"80,000 km",Diesel,Manual,Not Available,2nd,Not Available,Not Available,"₹ 1,75,000"
"Bala Hissar, Mussoorie, Uttaranchal",Maruti Suzuki,Alto K10,VXI,2017,"62,000 km",Petrol,Manual,Not Available,1st,Not Available,Not Available,"₹ 3,30,000"
"Pharma City, Selaqui, Uttaranchal",Maruti Suzuki,800,AC,1996,"50,000 km",Petrol,Manual,Not Available,3rd,Not Available,Not Available,"₹ 42,000"
"Pharma City, Selaqui, Uttaranchal",Maruti Suzuki,Alto 800,LXI,2006,"100,000 km",Petrol,Manual,Not Available,1st,Not Available,Not Available,"₹ 1,00,000"
"Dinkar Colony, Vikasnagar, Uttaranchal",Maruti Suzuki,Alto,LXi,2011,"175,000 km",Petrol,Manual,Not Available,1st,Not Available,Not Available,"₹ 1,75,000"
"Doon Enclave, Dehradun, Uttaranchal",Mahindra,KUV 100,K8 5Str,2016,"34,600 km",Petrol,Manual,Not Available,2nd,Not Available,Not Available,"₹ 4,10,000"
"Haripur, Selaqui, Uttaranchal",Renault,KWID,1.0 RXL,2017,"8,500 km",Petrol,Automatic,Not Available,1st,Not Available,Not Available,"₹ 3,20,000"
"Raipur, Dehradun, Uttaranchal",Force Motors,Others,Others,2019,"38,000 km",Diesel,Automatic,Not Available,1st,Not Available,Not Available,"₹ 14,00,000"
"Ballupura, Dehradun, Uttaranchal",Maruti Suzuki,Wagon R,1999-2006 LXI BSII,2005,"60,146 km",Petrol,Manual,Not Available,1st,Not Available,Not Available,"₹ 1,20,000"
"Karanpur, Dehradun, Uttaranchal",Maruti Suzuki,Swift,VDI,2017,"81,000 km",Diesel,Manual,Not Available,1st,Not Available,Not Available,"₹ 5,25,000"
"Race Course, Dehradun, Uttaranchal",Renault,Duster,110PS Diesel RxL,2014,"83,000 km",Diesel,Manual,Silver,2nd,UK,Comprehensive,"₹ 4,60,000"
"Mahadev Vihar, Dehradun, Uttaranchal",Tata,Nano GenX,XT,2016,"33,000 km",Petrol,Manual,Silver,1st,UK,No Insurance,"₹ 1,45,000"
"Race Course, Dehradun, Uttaranchal",BMW,X1,sDrive 20d xLine,2012,"57,000 km",Diesel,Automatic,Champagne,1st,UK,Not Available,"₹ 9,00,000"
"Prem Nagar, Dehradun, Uttaranchal",Tata,Zest,Revotron 1.2T XM,2014,"54,000 km",Petrol,Manual,Not Available,2nd,Not Available,Not Available,"₹ 3,79,000"
"Chiranjipur, Vikasnagar, Uttaranchal",Maruti Suzuki,Swift,VXI,2019,"11,000 km",Petrol,Manual,Not Available,2nd,Not Available,Not Available,"₹ 6,25,000"
"Purvi Patel Nagar, Dehradun, Uttaranchal",Maruti Suzuki,Ciaz,2014-2017 VDI SHVS,2016,"45,000 km",Diesel,Manual,Grey,1st,UK,Third Party,"₹ 6,50,000"
"Mithi Behri, Dehradun, Uttaranchal",Chevrolet,Beat,2014-2016 Diesel LS,2014,"68,740 km",Diesel,Manual,Not Available,3rd,Not Available,Not Available,"₹ 2,00,000"
"Nai Basti, Dehradun, Uttaranchal",Mahindra,Scorpio,2009-2014 VLX 4WD AIRBAG BSIV,2014,"76,000 km",Diesel,Manual,Not Available,3rd,Not Available,Not Available,"₹ 7,00,000"
"Patel Nagar, Dehradun, Uttaranchal",Volkswagen,Polo,2009-2013 Diesel Trendline 1.2L,2012,"59,000 km",Diesel,Manual,Not Available,2nd,Not Available,Not Available,"₹ 3,00,000"
"Krishna Nagar, Dehradun, Uttaranchal",Maruti Suzuki,800,AC BSIII,2011,"62,000 km",Petrol,Manual,Not Available,2nd,Not Available,Not Available,"₹ 1,50,000"
"Saket Colony, Dehradun, Uttaranchal",Hyundai,Santa Fe,2WD AT,2011,"84,000 km",Diesel,Manual,Not Available,2nd,Not Available,Not Available,"₹ 6,30,000"
"Transport Nagar, Dehradun, Uttaranchal",Honda,Amaze,2013-2016 VX O i VTEC,2013,"74,000 km",Petrol,Manual,Not Available,2nd,Not Available,Not Available,"₹ 3,20,000"
"Patel Nagar, Dehradun, Uttaranchal",BMW,5 Series,520d,2011,"50,000 km",Diesel,Automatic,Not Available,1st,Not Available,Not Available,"₹ 12,00,000"
"Rishi Nagar, Dehradun, Uttaranchal",Maruti Suzuki,Esteem,Vxi,2006,"80,000 km",Petrol,Manual,Not Available,2nd,Not Available,Not Available,"₹ 90,000"
"R J Estate, Dehradun, Uttaranchal",Hyundai,Santro,LP zipPlus,2001,"111,088 km",Petrol,Manual,Not Available,3rd,Not Available,Not Available,"₹ 65,000"
"Johari, Dehradun, Uttaranchal",Maruti Suzuki,Zen,Classic,1998,"10,000 km",Petrol,Manual,Not Available,3rd,Not Available,Not Available,"₹ 90,000"
"Morawala Village, Dehradun, Uttaranchal",Hyundai,i10,2007-2010 Era 1.1,2011,"49,000 km",Petrol,Manual,Not Available,1st,Not Available,Not Available,"₹ 2,11,999"
"Kargi, Dehradun, Uttaranchal",Mahindra,XUV500,W10 AWD,2016,"74,000 km",Diesel,Manual,Not Available,1st,Not Available,Not Available,"₹ 11,00,000"
"Landour, Mussoorie, Uttaranchal",Hyundai,Santro,Others,2008,"58,000 km",Petrol,Manual,Not Available,1st,Not Available,Not Available,"₹ 1,65,000"
"Arcadia Grant, Dehradun, Uttaranchal",Mahindra,Scorpio,2009-2014 M2DI,2014,"92,865 km",Diesel,Manual,Not Available,2nd,Not Available,Not Available,"₹ 6,20,000"
"Race Course, Dehradun, Uttaranchal",Maruti Suzuki,Swift Dzire,VDI,2013,"71,000 km",Diesel,Manual,White,2nd,UK,Comprehensive,"₹ 3,80,000"
"Karanpur, Dehradun, Uttaranchal",Maruti Suzuki,Zen Estilo,LXI BS IV,2011,"62,000 km",Not Available,Not Available,Not Available,1st,Not Available,Not Available,"₹ 1,90,000"
"Shakti Vihar, Dehradun, Uttaranchal",Ford,Ecosport,1.5 Diesel Titanium,2018,"85,000 km",Diesel,Manual,White,1st,UK,Comprehensive,"₹ 7,90,000"
"Vyon Prastha, Dehradun, Uttaranchal",Chevrolet,Spark,E 1.0,2010,"60,000 km",Petrol,Automatic,Not Available,2nd,Not Available,Not Available,"₹ 1,10,000"
"New Secretariat Colony, Dehradun, Uttaranchal",Hyundai,i20,2009-2011 Sportz Petrol,2017,"26,000 km",Petrol,Manual,Not Available,1st,Not Available,Not Available,"₹ 5,85,000"
"Paltan Bazar, Dehradun, Uttaranchal",Chevrolet,Spark,2007-2012 1.0,2008,"82,000 km",Petrol,Manual,Not Available,2nd,Not Available,Not Available,"₹ 80,000"
"Chandrabani, Dehradun, Uttaranchal",Hyundai,EON,Magna +,2012,"45,000 km",Petrol,Manual,Not Available,2nd,Not Available,Not Available,"₹ 2,00,000"
"Majra, Dehradun, Uttaranchal",Hyundai,Xcent,Base 1.2,2019,"80,000 km",Diesel,Automatic,Not Available,1st,Not Available,Not Available,"₹ 2,20,000"
"Clement Town, Dehradun, Uttaranchal",Maruti Suzuki,Zen,LX,1999,"45,000 km",Petrol,Manual,Not Available,2nd,Not Available,Not Available,"₹ 55,000"
"Central Hope Town, Selaqui, Uttaranchal",Maruti Suzuki,800,AC,2016,"60,000 km",Petrol,Automatic,Not Available,2nd,Not Available,Not Available,"₹ 2,50,000"
"Pharma City, Selaqui, Uttaranchal",Maruti Suzuki,Alto,LX,2007,"77,000 km",Petrol,Automatic,Not Available,3rd,Not Available,Not Available,"₹ 1,10,000"
"Doon Vihar, Dehradun, Uttaranchal",Tata,Nano,2009-2011 Cx,2012,"34,000 km",Petrol,Manual,Not Available,1st,Not Available,Not Available,"₹ 60,000"
"Ballupura, Dehradun, Uttaranchal",Hyundai,Fluidic Verna,1.6 CRDi SX,2014,"98,163 km",Diesel,Manual,Not Available,3rd,Not Available,Not Available,"₹ 4,50,000"
"Transport Nagar, Dehradun, Uttaranchal",Maruti Suzuki,Swift Dzire Tour,LDI,2015,24 km,Diesel,Manual,Not Available,2nd,Not Available,Not Available,"₹ 3,50,000"
"Doiwala Chowk, Doiwala, Uttaranchal",Maruti Suzuki,Zen Estilo,1.1 LXI BSIII,2007,"56,000 km",Petrol,Automatic,Not Available,2nd,Not Available,Not Available,"₹ 92,000"
"Mohabbey Wala, Dehradun, Uttaranchal",Mahindra,Bolero,SLE,2012,"75,000 km",Diesel,Manual,Not Available,1st,Not Available,Not Available,"₹ 3,65,000"
"Garhwali Colony, Dehradun, Uttaranchal",Tata,Indigo Ecs,eCS LS TDI,2015,"122,000 km",Diesel,Manual,Not Available,2nd,Not Available,Not Available,"₹ 2,70,000"
"Karanpur, Dehradun, Uttaranchal",Maruti Suzuki,Swift,2011-2014 VDI,2011,"76,000 km",Diesel,Manual,Not Available,2nd,Not Available,Not Available,"₹ 2,70,000"
"Gujrahad, Dehradun, Uttaranchal",Hyundai,Santro Xing,GLS CNG,2009,"95,000 km",CNG & Hybrids,Manual,Not Available,1st,Not Available,Not Available,"₹ 1,35,000"
"Shahpur, Bhagwanpur, Uttaranchal",Maruti Suzuki,Swift Dzire,VDI,2009,"99,000 km",Diesel,Manual,Not Available,2nd,Not Available,Not Available,"₹ 1,90,000"
"Purvi Patel Nagar, Dehradun, Uttaranchal",Maruti Suzuki,Swift,2018 LXI,2018,"39,000 km",Petrol,Manual,White,1st,UK,No Insurance,"₹ 5,25,000"
"Race Course, Dehradun, Uttaranchal",Toyota,Fortuner,3.0 4x4 Manual,2012,"72,000 km",Diesel,Manual,White,2nd,UK,Comprehensive,"₹ 11,00,000"
"Race Course, Dehradun, Uttaranchal",Renault,Duster,85PS Diesel RxS,2018,"63,000 km",Diesel,Manual,Silver,1st,UK,Comprehensive,"₹ 7,90,000"
"Garhwali Colony, Dehradun, Uttaranchal",Mahindra,Scorpio,2002-2013 Vlx Air bag BS-IV,2013,"175,000 km",Diesel,Manual,Not Available,1st,Not Available,Not Available,"₹ 5,55,000"
"Patel Nagar, Dehradun, Uttaranchal",Ford,Fiesta,ZXi 1.6,2011,"82,000 km",Diesel,Manual,Not Available,2nd,Not Available,Not Available,"₹ 1,99,000"
"Majra, Dehradun, Uttaranchal",Tata,Others,Others,2017,"53,000 km",Diesel,Manual,Pink,1st,UK,Comprehensive,"₹ 22,99,000"
"Badripur Chowk, Paonta Sahib, Himachal Pradesh",Hyundai,Xcent,2016-2017 1.2 Kappa SX Option AT,2017,"22,000 km",Diesel,Automatic,Not Available,1st,Not Available,Not Available,"₹ 5,00,000"
Not Available,Not Available,Not Available,Not Available,Not Available,Not Available,Not Available,Not Available,Not Available,Not Available,Not Available,Not Available,Not Available
"Bramhpur, Dehradun, Uttaranchal",Tata,Others,Others,2017,"80,000 km",Diesel,Automatic,Not Available,1st,Not Available,Not Available,"₹ 2,30,000"
"Clement Town, Dehradun, Uttaranchal",Chevrolet,Beat,2010-2013 Diesel LT Option,2013,"72,000 km",Diesel,Manual,Not Available,1st,Not Available,Not Available,"₹ 1,80,000"
"Prem Nagar, Dehradun, Uttaranchal",Tata,Manza,Manza Aura ABS Quadrajet BS-III,2011,"74,000 km",Diesel,Manual,Not Available,1st,Not Available,Not Available,"₹ 1,72,500"
"Khurbura, Dehradun, Uttaranchal",Honda,Others,Others,2019,"6,000 km",Petrol,Manual,Not Available,1st,Not Available,Not Available,"₹ 55,999"
"Banjarawala, Dehradun, Uttaranchal",Mahindra,XUV500,W10 2WD,2016,"71,000 km",Diesel,Manual,Not Available,1st,Not Available,Not Available,"₹ 12,00,000"
"Chandrabani, Dehradun, Uttaranchal",Hyundai,Santro Xing,XG,2009,"80,000 km",Petrol,Automatic,Not Available,3rd,Not Available,Not Available,"₹ 1,20,000"
"Kargigrant, Dehradun, Uttaranchal",Hyundai,Santro Xing,Zip Plus,2003,"80,000 km",Petrol,Automatic,Not Available,1st,Not Available,Not Available,"₹ 70,000"
"Telpura, Dehradun, Uttaranchal",Maruti Suzuki,Ritz,VDi,2009,"90,500 km",Diesel,Manual,Not Available,3rd,Not Available,Not Available,"₹ 1,70,000"
"Kaulagarh, Dehradun, Uttaranchal",Maruti Suzuki,Alto,LXi,2006,"90,000 km",Petrol,Manual,Not Available,2nd,Not Available,Not Available,"₹ 98,000"
"Shankerpur Hakumatpur, Sara Industrial Estate, Uttaranchal",Hyundai,i10,Magna,2011,"58,000 km",Petrol,Manual,Not Available,2nd,Not Available,Not Available,"₹ 2,30,000"
"Sahaspur, Dehradun, Uttaranchal",Honda,Civic,1.8 (E) MT,2006,"125,000 km",Petrol,Automatic,Not Available,1st,Not Available,Not Available,"₹ 2,00,000"
"Kewal Vihar, Dehradun, Uttaranchal",Hyundai,i20,Magna Plus,2019,"30,000 km",Petrol,Manual,Not Available,1st,Not Available,Not Available,"₹ 6,20,000"
"Race Course, Dehradun, Uttaranchal",Ford,Figo,2012-2015 Diesel EXI,2012,"72,000 km",Diesel,Manual,White,2nd,UK,Not Available,"₹ 1,80,000"
"Race Course, Dehradun, Uttaranchal",Toyota,Etios,2010-2012 GD,2012,"71,000 km",Diesel,Manual,Gold,1st,UK,Not Available,"₹ 2,40,000"
"Purvi Patel Nagar, Dehradun, Uttaranchal",Mahindra,Xylo,2012-2014 D4 BSIV,2014,"50,000 km",Diesel,Manual,White,1st,UP,Third Party,"₹ 2,90,000"
"Maitry Vihar, Dehradun, Uttaranchal",Honda,WR-V,i-VTEC S,2019,"160,000 km",Petrol,Manual,Not Available,1st,Not Available,Not Available,"₹ 9,50,000"
"GE Premnagar, Dehradun, Uttaranchal",Maruti Suzuki,Swift Dzire,VDI,2013,"75,000 km",Diesel,Manual,Not Available,2nd,Not Available,Not Available,"₹ 3,95,000"
"Clement Town, Dehradun, Uttaranchal",Maruti Suzuki,Zen,LXI,2000,"55,000 km",Petrol,Manual,Not Available,3rd,Not Available,Not Available,"₹ 60,000"
"Adarsh Nagar, Dehradun, Uttaranchal",Ford,Figo,Duratorq ZXI 1.4,2010,"82,000 km",Diesel,Manual,Not Available,2nd,Not Available,Not Available,"₹ 1,10,000"
"Nai Basti, Dehradun, Uttaranchal",Maruti Suzuki,Swift,LXI,2006,70 km,Petrol,Manual,Not Available,2nd,Not Available,Not Available,"₹ 1,21,000"
"Ballupura, Dehradun, Uttaranchal",Tata,Indica V2,Others,2006,1 km,Diesel,Manual,Not Available,2nd,Not Available,Not Available,"₹ 48,500"
"Sarthi Vihar, Dehradun, Uttaranchal",Ford,Endeavour,2003-2013 4x4 AT ALL Terrain Edition,2011,"197,000 km",Diesel,Automatic,Not Available,1st,Not Available,Not Available,"₹ 5,00,000"
"Banjarawala, Dehradun, Uttaranchal",Maruti Suzuki,Ritz,LXi,2011,"120,000 km",Diesel,Manual,Not Available,1st,Not Available,Not Available,"₹ 2,40,000"
"Morawala Village, Dehradun, Uttaranchal",Hyundai,Santro Xing,GLS,2007,"70,000 km",Petrol,Manual,Not Available,2nd,Not Available,Not Available,"₹ 1,00,000"
"Do Nali Chowk, Natthuwa Wala, Uttaranchal",Mahindra,Bolero,XL 7 STR,2020,"9,500 km",Diesel,Manual,Not Available,2nd,Not Available,Not Available,"₹ 8,50,000"
"Dharampur Nehru Colony, Dehradun, Uttaranchal",Hyundai,Verna,2015-2016 1.6 VTVT SX,2015,"58,000 km",Petrol,Manual,Not Available,2nd,Not Available,Not Available,"₹ 6,70,000"
"Nikhileshwar Vihar, Dehradun, Uttaranchal",Honda,City ZX,Others,2007,"87,000 km",Petrol,Manual,Not Available,4th,Not Available,Not Available,"₹ 1,38,000"
"Ambari, Vikasnagar, Uttaranchal",Maruti Suzuki,Alto K10,VXI,2016,"30,000 km",Petrol,Manual,Not Available,2nd,Not Available,Not Available,"₹ 3,50,000"
"Patel Nagar, Dehradun, Uttaranchal",Mahindra,Bolero Pik-Up,FB 1.25T,2015,"200,000 km",Diesel,Manual,Not Available,1st,Not Available,Not Available,"₹ 4,00,000"
"Irrigation Colony, Dehradun, Uttaranchal",Maruti Suzuki,Swift Dzire,VXI,2015,"50,000 km",Petrol,Manual,Not Available,1st,Not Available,Not Available,"₹ 4,70,000"
"Rajiv Nagar, Dehradun, Uttaranchal",Tata,Vista,Others,2009,"88,000 km",Diesel,Manual,Not Available,2nd,Not Available,Not Available,"₹ 90,000"
"Prem Nagar, Dehradun, Uttaranchal",Maruti Suzuki,Omni,MPI STD BSIII 8-STR W/ IMMOBILISER,2016,"38,500 km",Petrol,Automatic,Not Available,1st,Not Available,Not Available,"₹ 2,05,000"
"Purvi Patel Nagar, Dehradun, Uttaranchal",Mahindra,Scorpio,2006-2009 LX 2.6 Turbo,2008,"55,000 km",Diesel,Manual,Green,1st,UK,No Insurance,"₹ 2,50,000"
"Harbans Wala, Dehradun, Uttaranchal",Maruti Suzuki,S-Cross,Alpha 1.6,2016,"74,000 km",Diesel,Manual,Grey,1st,Not Available,Comprehensive,"₹ 6,00,000"
"Race Course, Dehradun, Uttaranchal",Tata,Safari,4x2 LX DICOR BS-III,2013,"70,000 km",Diesel,Manual,Black,2nd,UK,Comprehensive,"₹ 4,20,000"
"Shewala Khurd, Dehradun, Uttaranchal",Maruti Suzuki,Swift Dzire,ZDI,2009,"110,000 km",Diesel,Manual,Not Available,2nd,Not Available,Not Available,"₹ 2,50,000"
"Patthribagh, Dehradun, Uttaranchal",Jeep,Compass,1.4 Limited,2019,"32,000 km",Diesel,Manual,Not Available,1st,Not Available,Not Available,"₹ 19,00,000"
"Shivlok, Dehradun, Uttaranchal",Tata,Nano,XE,2011,"32,000 km",Petrol,Manual,Not Available,4+,Not Available,Not Available,"₹ 45,000"
"Dallanwala, Dehradun, Uttaranchal",Ford,Ecosport,1.5 Diesel Titanium,2014,15 km,Diesel,Manual,Not Available,1st,Not Available,Not Available,"₹ 6,00,000"
"R J Estate, Dehradun, Uttaranchal",Bajaj,RE60,Qute Petrol,2012,"45,000 km",Petrol,Automatic,Not Available,3rd,Not Available,Not Available,"₹ 25,000"
"MDDA Colony Near Kedarpuram, Dehradun, Uttaranchal",Ford,Figo,2010-2012 Diesel EXI,2011,"90,000 km",Diesel,Manual,Not Available,1st,Not Available,Not Available,"₹ 1,50,000"
"Chaman Vihar, Dehradun, Uttaranchal",Toyota,Fortuner,2.8 4WD AT,2020,"30,000 km",Diesel,Automatic,Not Available,1st,Not Available,Not Available,"₹ 38,40,000"
"Niranjan Pur, Dehradun, Uttaranchal",Mahindra,Scorpio,VLX 4WD Automatic MHawk,2012,"85,000 km",Diesel,Automatic,Not Available,3rd,Not Available,Not Available,"₹ 5,00,000"
"Amar Bhati Village, Dehradun, Uttaranchal",Tata,Safari,4x2 EX DICOR BS-III,2013,"107,000 km",Diesel,Manual,Not Available,2nd,Not Available,Not Available,"₹ 3,50,000"
"Subhash Nagar, Dehradun, Uttaranchal",Tata,Tiago,Others,2018,"44,000 km",Petrol,Manual,Not Available,1st,Not Available,Not Available,"₹ 4,00,000"
"Raipur, Dehradun, Uttaranchal",Maruti Suzuki,Wagon R 1.0,1.0 VXi,2011,32 km,CNG & Hybrids,Automatic,Not Available,2nd,Not Available,Not Available,"₹ 2,10,000"
"Dharampur Nehru Colony, Dehradun, Uttaranchal",Chevrolet,Spark,2007-2012 1.0 LT Option Pack,2012,"41,000 km",Petrol,Manual,Not Available,2nd,Not Available,Not Available,"₹ 1,85,000"
"Janakpuri, Dehradun, Uttaranchal",Hyundai,i20,2012-2014 Magna Optional 1.4 CRDi,2014,"132,000 km",Diesel,Manual,Not Available,1st,Not Available,Not Available,"₹ 3,00,000"
"Central Hope Town, Selaqui, Uttaranchal",Maruti Suzuki,Omni,MPI STD BSIII 8-STR W/ IMMOBILISER,2006,"45,000 km",Petrol,Manual,Not Available,1st,Not Available,Not Available,"₹ 1,00,000"
"Athhoorwala, Doiwala, Uttaranchal",Maruti Suzuki,Swift,2004-2010 ZXi BSIV,2008,"95,000 km",Diesel,Manual,Not Available,1st,Not Available,Not Available,"₹ 3,00,000"
"Sahaspur, Dehradun, Uttaranchal",Mahindra,Bolero,SLX,2013,"83,000 km",Diesel,Manual,Not Available,3rd,Not Available,Not Available,"₹ 3,70,000"
"Dehrakhas, Dehradun, Uttaranchal",Tata,Sumo Spacio,Gold-10/6 Str BSIII,2012,13 km,Diesel,Manual,Not Available,2nd,Not Available,Not Available,"₹ 2,50,000"
"Race Course, Dehradun, Uttaranchal",Mahindra,XUV500,W6 2WD,2013,"81,000 km",Diesel,Manual,Red,1st,UK,Comprehensive,"₹ 4,90,000"
"Purvi Patel Nagar, Dehradun, Uttaranchal",Tata,Safari,Dicor VX 4X2 BS IV,2012,"56,000 km",Diesel,Manual,Lightblue,1st,UK,Comprehensive,"₹ 2,90,000"
"Race Course, Dehradun, Uttaranchal",Hyundai,i20,1.2 Spotz,2012,"64,000 km",Petrol,Manual,White,3rd,UK,Comprehensive,"₹ 2,60,000"
"Kanhar Wala, Doiwala, Uttaranchal",Maruti Suzuki,Alto,2000-2005 LXI,2012,"80,000 km",Petrol,Manual,Not Available,3rd,Not Available,Not Available,"₹ 1,50,000"
"Parteetpur Kalyanpur, Herbertpur, Uttaranchal",Maruti Suzuki,Zen,Base,2001,"135,000 km",Petrol,Manual,Not Available,3rd,Not Available,Not Available,"₹ 65,000"
"Mohabbey Wala, Dehradun, Uttaranchal",Other Brands,Others,Not Available,2018,"50,000 km",Diesel,Manual,Not Available,1st,Not Available,Not Available,"₹ 3,50,000"
"Barlow Ganj, Mussoorie, Uttaranchal",Toyota,Etios,2013-2014 GD,2013,"62,550 km",Diesel,Manual,Not Available,2nd,Not Available,Not Available,"₹ 3,10,000"
"Maithiyan Gaon, Chamba, Uttaranchal",Mahindra,Others,Others,2010,"85,000 km",Diesel,Manual,Not Available,4+,Not Available,Not Available,"₹ 3,80,000"
"Ajabpur Kalan, Dehradun, Uttaranchal",Maruti Suzuki,Wagon R,Duo LX LPG,2007,"150,000 km",LPG,Manual,Not Available,2nd,Not Available,Not Available,"₹ 90,000"
"Pitthuwala, Dehradun, Uttaranchal",Tata,Nano,2012-2015 Std BSIV,2011,"50,000 km",Petrol,Manual,Not Available,3rd,Not Available,Not Available,"₹ 40,000"
"Lakkhibagh, Dehradun, Uttaranchal",Tata,Indigo CS,CS LS TDI,2010,22 km,Diesel,Manual,Not Available,3rd,Not Available,Not Available,"₹ 70,000"
"Narayan Vihar, Dehradun, Uttaranchal",Maruti Suzuki,Swift,LXI Option,2016,"47,000 km",Petrol,Manual,Not Available,1st,Not Available,Not Available,"₹ 5,00,000"
"Govind Nagar near Chandran Nagar, Dehradun, Uttaranchal",Maruti Suzuki,Alto,LX,2011,"56,480 km",Petrol,Manual,Not Available,2nd,Not Available,Not Available,"₹ 1,70,000"
"Dharam Bazar Area, Dehradun, Uttaranchal",Honda,Accord,3.0 V6 Automatic,2006,"35,000 km",Petrol,Automatic,Not Available,2nd,Not Available,Not Available,"₹ 4,00,000"
"Uday Vihar, Dehradun, Uttaranchal",Maruti Suzuki,Swift Dzire,AMT VDI,2015,"86,000 km",Diesel,Manual,Not Available,2nd,Not Available,Not Available,"₹ 4,90,000"
"GMS Road, Dehradun, Uttaranchal",Toyota,Innova,2.5 G (Diesel) 7-Seater,2008,"170,000 km",Diesel,Manual,Not Available,2nd,Not Available,Not Available,"₹ 3,40,000"
"Nehru Colony, Dehradun, Uttaranchal",Volkswagen,Vento,1.5 TDI Highline Plus 16 Alloy,2010,"76,500 km",Diesel,Manual,Not Available,2nd,Not Available,Not Available,"₹ 2,85,000"
"Majra, Dehradun, Uttaranchal",Other Brands,Others,Not Available,2020,0 km,Diesel,Manual,Not Available,1st,Not Available,Not Available,"₹ 4,50,000"
"IDPL Colony, Rishikesh, Uttaranchal",Mahindra,Others,Others,2020,"12,378 km",Electric,Automatic,Not Available,1st,Not Available,Not Available,"₹ 2,80,000"
"ShyamPur, Rishikesh, Uttaranchal",Tata,Winger,Standard -Flat Roof (Non-AC),2011,14 km,Diesel,Manual,Not Available,2nd,Not Available,Not Available,"₹ 2,50,000"
"Race Course, Dehradun, Uttaranchal",Hyundai,Santro Xing,GL,2011,"87,000 km",Petrol,Manual,White,2nd,UK,Comprehensive,"₹ 1,60,000"
"Purvi Patel Nagar, Dehradun, Uttaranchal",Honda,Amaze,2013-2016 SX i-DTEC,2014,"62,000 km",Diesel,Manual,Silver,2nd,UK,Comprehensive,"₹ 3,85,000"
"Shakti Vihar, Dehradun, Uttaranchal",Maruti Suzuki,Swift,LXI,2011,"65,000 km",Petrol,Manual,Blue,1st,UK,Not Available,"₹ 3,00,000"
"Subhash Nagar, Dehradun, Uttaranchal",Maruti Suzuki,800,AC,1997,"56,000 km",Petrol,Manual,White,4th,UK,No Insurance,"₹ 42,000"
"Fatehpur, Chhutmalpur, Uttar Pradesh",Nissan,Terrano,XV D THP 110 PS,2014,"63,000 km",Diesel,Manual,White,2nd,UK,Comprehensive,"₹ 5,20,000"
"Nehru Colony, Dehradun, Uttaranchal",Maruti Suzuki,Vitara Brezza,VDi,2019,"26,700 km",Diesel,Manual,Not Available,1st,Not Available,Not Available,"₹ 8,70,000"
"Ekta Vihar, Dehradun, Uttaranchal",Hyundai,Verna,2015-2016 1.6 VTVT S,2015,"55,500 km",Petrol,Manual,Not Available,3rd,Not Available,Not Available,"₹ 5,35,000"
"Raipur Area, Dehradun, Uttaranchal",Mahindra,TUV 300 Plus,P4,2019,"60,000 km",Diesel,Manual,Not Available,1st,Not Available,Not Available,"₹ 7,50,000"
"Majra, Dehradun, Uttaranchal",Hyundai,EON,Not Available,2012,"87,236 km",Petrol,Manual,Silver,Not Available,UK,No Insurance,"₹ 2,05,000"
"Kargigrant, Dehradun, Uttaranchal",Maruti Suzuki,Alto 800,2012-2016 LX,2014,"80,000 km",Petrol,Manual,Not Available,1st,Not Available,Not Available,"₹ 1,75,000"
"Parteetpur Kalyanpur, Herbertpur, Uttaranchal",Maruti Suzuki,Alto K10,K10 VXi (O),2011,"83,000 km",Petrol,Automatic,Not Available,2nd,Not Available,Not Available,"₹ 1,65,000"
"Rajpur Road, Dehradun, Uttaranchal",Skoda,Rapid,2011-2013 1.6 TDI Elegance,2012,"75,000 km",Diesel,Manual,Not Available,1st,Not Available,Not Available,"₹ 3,30,000"
"Rajiv Nagar, Doiwala, Uttaranchal",Tata,Safari,Others,2007,"85,000 km",Diesel,Manual,Not Available,2nd,Not Available,Not Available,"₹ 2,20,000"
"Khandraiwala, Pratitnagar, Uttaranchal",Hyundai,i10,2007-2010 Magna 1.2,2009,"105,000 km",Petrol,Manual,Not Available,1st,Not Available,Not Available,"₹ 1,75,000"
"Babugarh, Vikasnagar, Uttaranchal",Maruti Suzuki,Celerio,2014-2017 VXI,2016,"52,000 km",Petrol,Manual,Not Available,1st,Not Available,Not Available,"₹ 3,75,000"
"Athhoorwala, Doiwala, Uttaranchal",Hyundai,Santro Xing,Others,2006,"90,000 km",Petrol,Automatic,Not Available,2nd,Not Available,Not Available,"₹ 90,000"
"Rajpur Road, Dehradun, Uttaranchal",Maruti Suzuki,Ciaz,2014-2017 VDi Plus SHVS,2016,"46,000 km",Diesel,Manual,Not Available,1st,Not Available,Not Available,"₹ 7,00,000"
"Majra, Dehradun, Uttaranchal",Maruti Suzuki,Wagon R,LXI,2006,"45,000 km",Petrol,Manual,Silver,Not Available,Not Available,No Insurance,"₹ 1,10,000"
"Jakhan, Dehradun, Uttaranchal",Ford,Ikon,1.3L Rocam Flair,2006,"75,000 km",Petrol,Manual,Not Available,3rd,Not Available,Not Available,"₹ 99,000"
"Doon IT Park, Dehradun, Uttaranchal",Mahindra,Thar,CRDE 4X4 BS IV,2017,"31,000 km",Diesel,Manual,Red,1st,UK,Third Party,"₹ 7,45,000"
"Shakti Vihar, Dehradun, Uttaranchal",Hyundai,Verna,CRDi 1.6 EX,2017,"35,000 km",Diesel,Manual,White,1st,UK,Comprehensive,"₹ 7,95,000"
"Purvi Patel Nagar, Dehradun, Uttaranchal",Mahindra,Scorpio,2009-2014 VLX 2WD ABS AT BSIII,2014,"52,000 km",Diesel,Manual,White,1st,UK,Comprehensive,"₹ 5,25,000"
"Race Course, Dehradun, Uttaranchal",Maruti Suzuki,Swift Dzire,VDI,2011,"69,000 km",Diesel,Manual,White,2nd,UK,Not Available,"₹ 2,20,000"
"Fatehpur, Chhutmalpur, Uttar Pradesh",Maruti Suzuki,Swift,2004-2010 Vdi BSIII,2008,"100,000 km",Diesel,Manual,Not Available,3rd,Not Available,Not Available,"₹ 1,70,000"
"Valmiki Colony, Behat, Uttar Pradesh",Maruti Suzuki,Alto K10,VXI,2016,"62,000 km",Petrol,Manual,Not Available,2nd,Not Available,Not Available,"₹ 3,00,000"
"Yamuna Nagar, Yamunanagar, Haryana",Chevrolet,Optra,Others,2012,"98,000 km",Diesel,Manual,Not Available,2nd,Not Available,Not Available,"₹ 2,50,000"
"ShyamPur, Rishikesh, Uttaranchal",Nissan,Datsun Redi Go,Others,2020,"2,500 km",Petrol,Manual,Not Available,1st,Not Available,Not Available,"₹ 5,00,000"
"Kalyanpur, Vikasnagar, Uttaranchal",Maruti Suzuki,Ertiga,2012-2015 VXI ABS,2018,"35,000 km",Petrol,Manual,Not Available,1st,Not Available,Not Available,"₹ 6,70,000"
"Sanik Colony, Dehradun, Uttaranchal",Maruti Suzuki,Alto,LX,2010,"470,000 km",Petrol,Manual,Not Available,1st,Not Available,Not Available,"₹ 1,80,000"
"MDDA Dehradun, Dehradun, Uttaranchal",Maruti Suzuki,Zen,LX,2001,"63,000 km",Petrol,Manual,Not Available,2nd,Not Available,Not Available,"₹ 50,000"
"Prem Nagar, Dehradun, Uttaranchal",Hyundai,Verna,2011-2014 1.6 SX,2011,0 km,Diesel,Manual,Not Available,1st,Not Available,Not Available,"₹ 4,40,000"
"Chandrwani Khalsa, Dehradun, Uttaranchal",Hyundai,Grand i10,1.2 CRDi Sportz,2015,"16,500 km",Petrol,Manual,Not Available,1st,Not Available,Not Available,"₹ 3,60,000"
"Chandrwani Khalsa, Dehradun, Uttaranchal",Volkswagen,Polo,1.2 MPI Highline Plus,2013,"800,000 km",Diesel,Manual,Not Available,2nd,Not Available,Not Available,"₹ 3,50,000"
"Shimla Bypass Road, Dehradun, Uttaranchal",Maruti Suzuki,Zen,LXI,1998,"70,000 km",Petrol,Manual,Not Available,2nd,Not Available,Not Available,"₹ 40,000"
"Adarsh Nagar, Dehradun, Uttaranchal",Datsun,GO Plus,A Petrol,2020,"20,000 km",Petrol,Manual,Not Available,1st,Not Available,Not Available,"₹ 1,50,000"
"Paschimiwala, Vikasnagar, Uttaranchal",Maruti Suzuki,Swift,2004-2010 Vdi BSIII,2009,"91,200 km",Diesel,Automatic,Not Available,1st,Not Available,Not Available,"₹ 1,95,000"
"Shivalik Puram, Dehradun, Uttaranchal",Hyundai,Xcent,2016-2017 1.1 CRDi S Celebration Edition,2016,"27,000 km",Petrol,Manual,Not Available,1st,Not Available,Not Available,"₹ 4,80,000"
"Upper Rajiv Nagar, Dehradun, Uttaranchal",Tata,Indigo Ecs,eCS LX CR4 BS-IV,2012,"120,000 km",Diesel,Manual,Not Available,2nd,Not Available,Not Available,"₹ 90,000"
"Syuta Bara, Chamba, Uttaranchal",Maruti Suzuki,800,AC BSII,2009,"47,200 km",Petrol,Manual,Not Available,1st,Not Available,Not Available,"₹ 82,000"
"Bahmanwala, Dehradun, Uttaranchal",Hyundai,i20,2009-2011 Asta 1.4 CRDi (Diesel),2011,"80,000 km",Diesel,Manual,Not Available,2nd,Not Available,Not Available,"₹ 2,20,000"
"Race Course, Dehradun, Uttaranchal",Maruti Suzuki,Swift,VXI,2013,"52,000 km",Petrol,Manual,White,1st,UK,Comprehensive,"₹ 3,80,000"
"Purvi Patel Nagar, Dehradun, Uttaranchal",Ford,Fiesta,2004-2010 1.4 Duratec EXI,2007,"40,000 km",Petrol,Manual,White,1st,UK,No Insurance,"₹ 75,000"
"Shakti Vihar, Dehradun, Uttaranchal",Hyundai,Verna,CRDi 1.6 SX,2014,"75,000 km",Diesel,Manual,Silver,2nd,UK,Comprehensive,"₹ 5,50,000"
Not Available,Not Available,Not Available,Not Available,Not Available,Not Available,Not Available,Not Available,Not Available,Not Available,Not Available,Not Available,Not Available
"Charthawal, Charthaval, Uttar Pradesh",Maruti Suzuki,Eeco,CNG HTR 5-STR,2010,"14,585 km",CNG & Hybrids,Manual,Not Available,2nd,Not Available,Not Available,"₹ 1,20,000"
"Mansa Ram Cricket Colony, Landaur, Uttaranchal",Maruti Suzuki,800,AC BSIII,2006,"20,000 km",Petrol,Manual,Not Available,2nd,Not Available,Not Available,"₹ 55,000"
"Old Dalanwala, Dehradun, Uttaranchal",Maruti Suzuki,Alto K10,K10 VXi (O),2011,"36,000 km",Petrol,Automatic,Not Available,2nd,Not Available,Not Available,"₹ 1,90,000"
"Tarla Nagal, Dehradun, Uttaranchal",BMW,3 Series,2005-2011 320d Highline,2011,"75,000 km",Diesel,Automatic,Not Available,1st,Not Available,Not Available,"₹ 11,00,000"
"Badripur, Paonta Sahib, Himachal Pradesh",Hyundai,Xcent,2014-2016 1.2 Kappa SX Option,2015,"80,000 km",Diesel,Manual,Not Available,2nd,Not Available,Not Available,"₹ 4,00,000"
"Jwalapur, Haridwar, Uttaranchal",Hyundai,Verna,2011-2014 1.6 SX,2012,"87,000 km",Diesel,Manual,Not Available,2nd,Not Available,Not Available,"₹ 4,40,000"
"Valmiki Colony, Behat, Uttar Pradesh",Maruti Suzuki,Swift Dzire Tour,LDI,2013,"93,000 km",Diesel,Manual,Not Available,4+,Not Available,Not Available,"₹ 2,30,000"
"Shivlok Colony, Haridwar, Uttaranchal",Maruti Suzuki,1000,AC,2013,"71,343 km",Petrol,Manual,Not Available,2nd,Not Available,Not Available,"₹ 1,43,000"
"Shahpur, Bhagwanpur, Uttaranchal",Mahindra,Others,Others,1992,"2,000 km",Diesel,Automatic,Not Available,1st,Not Available,Not Available,"₹ 85,000"
"Rambagh, Herbertpur, Uttaranchal",Chevrolet,Beat,2010-2013 LT,2010,"66,000 km",Petrol,Manual,Not Available,4th,Not Available,Not Available,"₹ 1,50,000"
"Pragati Vihar, Rishikesh, Uttaranchal",Maruti Suzuki,800,Others,2005,20 km,Petrol,Manual,Not Available,1st,Not Available,Not Available,"₹ 55,000"
"Badripur, Paonta Sahib, Himachal Pradesh",Hyundai,Santro,Others,2002,"90,000 km",Petrol,Automatic,Not Available,2nd,Not Available,Not Available,"₹ 90,000"
"Rest Camp, Dehradun, Uttaranchal",Hyundai,Accent,DLS,2005,22 km,Diesel,Manual,Not Available,2nd,Not Available,Not Available,"₹ 95,000"
"Tehsil Colony, Behat, Uttar Pradesh",Maruti Suzuki,Alto,2005-2010 LX BSIII,2010,"88,596 km",Petrol,Manual,Not Available,2nd,Not Available,Not Available,"₹ 1,12,000"
"Punjabi Colony, Vikasnagar, Uttaranchal",Maruti Suzuki,Baleno,Zeta Automatic,2017,"19,500 km",Petrol,Automatic,Not Available,1st,Not Available,Not Available,"₹ 6,00,000"
"Mohakampur, Dehradun, Uttaranchal",Tata,Others,Others,2010,"50,000 km",Diesel,Manual,Not Available,1st,Not Available,Not Available,"₹ 2,05,000"
"Mahaveer Vihar, Dehradun, Uttaranchal",Maruti Suzuki,Vitara Brezza,LDi Option,2016,"72,000 km",Diesel,Manual,Grey,1st,UK,Comprehensive,"₹ 6,60,000"
"Mohit Vihar, Dehradun, Uttaranchal",Nissan,Micra,2010-2012 Diesel XV Premium Primo,2012,"72,000 km",Diesel,Manual,White,4th,UK,Third Party,"₹ 2,50,000"
"Purvi Patel Nagar, Dehradun, Uttaranchal",Maruti Suzuki,Wagon R,VXI,2016,"41,000 km",Petrol,Manual,Gold,1st,UK,Third Party,"₹ 3,80,000"
"Shewla Kalan, Dehradun, Uttaranchal",Maruti Suzuki,Ritz,LXi,2016,"130,000 km",CNG & Hybrids,Manual,Not Available,1st,Not Available,Not Available,"₹ 2,80,000"
"Deepnagar, Dehradun, Uttaranchal",Hyundai,Santro Xing,XL,2007,"120,000 km",Petrol,Manual,Not Available,1st,Not Available,Not Available,"₹ 1,10,000"
"Deenarpur Must, Gagalhedi Must, Uttar Pradesh",Hyundai,Santro Xing,GL,2011,"8,700 km",Petrol,Automatic,Not Available,1st,Not Available,Not Available,"₹ 1,10,000"
"ShyamPur, Rishikesh, Uttaranchal",Maruti Suzuki,800,EX,2001,"94,866 km",Petrol,Automatic,Not Available,4th,Not Available,Not Available,"₹ 50,000"
"Devpura, Haridwar, Uttaranchal",Chevrolet,Spark,2007-2012 Muzic 1.0 LS,2011,"45,000 km",Petrol,Manual,Not Available,2nd,Not Available,Not Available,"₹ 1,90,000"
"Fatehpur, Chhutmalpur, Uttar Pradesh",Maruti Suzuki,Alto 800,Others,2019,12 km,Petrol,Manual,Not Available,1st,Not Available,Not Available,"₹ 2,50,000"
"Race Course, Dehradun, Uttaranchal",Skoda,Fabia,Not Available,2011,"79,000 km",Diesel,Manual,White,2nd,UK,Comprehensive,"₹ 2,00,000"
"Chukkuwala, Dehradun, Uttaranchal",Hyundai,Santro Xing,XG AT eRLX Euro II,2005,"100,000 km",Petrol,Manual,Not Available,2nd,Not Available,Not Available,"₹ 1,20,000"
"Rajpur Road, Dehradun, Uttaranchal",Hyundai,Santro,Not Available,2007,"60,000 km",Petrol,Not Available,Not Available,2nd,UK,Not Available,"₹ 1,10,000"
"Fatehpur, Chhutmalpur, Uttar Pradesh",Maruti Suzuki,800,Others,2012,"150,000 km",Diesel,Manual,Not Available,2nd,Not Available,Not Available,"₹ 2,00,000"
"Anarwala, Dehradun, Uttaranchal",Maruti Suzuki,800,AC,2010,"80,000 km",Petrol,Manual,Not Available,1st,Not Available,Not Available,"₹ 1,35,000"
"Rajpur Road, Dehradun, Uttaranchal",Hyundai,Santro Xing,Not Available,2012,"55,000 km",Not Available,Not Available,Not Available,2nd,UK,Not Available,"₹ 1,95,000"
"Patel Nagar, Dehradun, Uttaranchal",Ford,Fiesta,EXi 1.4 Ltd,2007,"98,000 km",Petrol,Manual,Not Available,1st,Not Available,Not Available,"₹ 1,55,000"
"Chataki, Behat, Uttar Pradesh",Toyota,Innova,2.5 G (Diesel) 8 - Seater,2010,"45,000 km",Diesel,Automatic,Not Available,3rd,Not Available,Not Available,"₹ 4,30,000"
"Jagjeetpur, Haridwar, Uttaranchal",Hyundai,Xcent,1.2 CRDi E Plus,2015,"80,000 km",Diesel,Manual,Not Available,3rd,Not Available,Not Available,"₹ 4,10,000"
"Arya Nagar, Haridwar, Uttaranchal",Hyundai,Accent,DLS,2003,"85,000 km",Petrol,Manual,Not Available,3rd,Not Available,Not Available,"₹ 70,000"
"Mukarrabpur, Piran Kaliyar, Uttaranchal",Hyundai,Santro Xing,XG eRLX Euro II,2004,"102,000 km",Petrol,Manual,Not Available,3rd,Not Available,Not Available,"₹ 35,000"
"Purvi Patel Nagar, Dehradun, Uttaranchal",Mahindra,XUV500,W8 2WD,2012,"55,000 km",Diesel,Manual,White,1st,UK,Comprehensive,"₹ 6,10,000"
"Race Course, Dehradun, Uttaranchal",Maruti Suzuki,S-Cross,Sigma 1.3,2016,"64,000 km",Diesel,Manual,Grey,1st,UK,Comprehensive,"₹ 5,90,000"
"Shakti Vihar, Dehradun, Uttaranchal",Maruti Suzuki,Alto K10,LXI,2016,"44,000 km",Petrol,Manual,Silver,1st,UK,Comprehensive,"₹ 3,00,000"
"BHEL Colony, Haridwar, Uttaranchal",Chevrolet,Sail,1.2 LS ABS,2013,"75,000 km",Diesel,Manual,Not Available,2nd,Not Available,Not Available,"₹ 2,10,000"
"Tehsil Colony, Behat, Uttar Pradesh",Tata,H2X,Others,2019,16 km,Diesel,Automatic,Not Available,1st,Not Available,Not Available,"₹ 5,00,000"
"Sarva Priya Vihar Colony, Haridwar, Uttaranchal",Tata,Safari,DICOR 2.2 EX 4x2,2009,"104,741 km",Diesel,Manual,Not Available,2nd,Not Available,Not Available,"₹ 3,50,000"
"Dhiman, Rishikesh, Uttaranchal",Mahindra,Others,Others,2019,"41,000 km",Diesel,Manual,Not Available,2nd,Not Available,Not Available,"₹ 2,00,000"
"Bahadarabad, SIDCUL Haridwar, Uttaranchal",Maruti Suzuki,Wagon R,2006-2010 AX Minor,2004,"2,004 km",Petrol,Manual,Not Available,2nd,Not Available,Not Available,"₹ 50,000"
"Someshwar Nagar, Rishikesh, Uttaranchal",Maruti Suzuki,Swift,2011-2014 ZDi,2012,"850,000 km",Diesel,Manual,Not Available,2nd,Not Available,Not Available,"₹ 3,70,000"
"Sita Pur, Haridwar, Uttaranchal",Mahindra,Scorpio,2002-2013 LX BS IV,2013,"97,000 km",Diesel,Manual,Not Available,2nd,Not Available,Not Available,"₹ 6,80,000"
"Thapla, Tehri, Uttaranchal",Maruti Suzuki,Ertiga,VXI,2013,"55,000 km",Diesel,Manual,Not Available,2nd,Not Available,Not Available,"₹ 4,25,000"
"Kinwani, Narendranagar, Uttaranchal",Mahindra,KUV 100,2016-2017 mFALCON D75 K6 Plus,2016,"20,990 km",Petrol,Manual,Not Available,2nd,Not Available,Not Available,"₹ 4,25,000"
"IDPL Colony, Rishikesh, Uttaranchal",Tata,H2X,Others,2018,"60,000 km",Diesel,Manual,Not Available,2nd,Not Available,Not Available,"₹ 3,20,000"
"Balmik Basti, Haridwar, Uttaranchal",Nissan,Terrano,2013-2017 XV 110 PS,2014,"69,000 km",Diesel,Manual,Not Available,2nd,Not Available,Not Available,"₹ 4,00,000"
"Prem Nagar, Dehradun, Uttaranchal",Maruti Suzuki,Wagon R,2010-2012 VXI BS IV with ABS,2011,"70,000 km",Petrol,Manual,Not Available,3rd,Not Available,Not Available,"₹ 2,35,000"
"Chakrata Road Jhajra, Dehradun, Uttaranchal",Hyundai,i20,Not Available,2016,"62,000 km",Petrol,Manual,Red,1st,UK,Not Available,"₹ 5,45,000"
"Doiwala Chowk, Doiwala, Uttaranchal",Maruti Suzuki,Swift Dzire,VDI,2013,"59,700 km",Diesel,Manual,Not Available,2nd,Not Available,Not Available,"₹ 3,75,000"
"R J Estate, Dehradun, Uttaranchal",Honda,City ZX,GXi,2006,"51,000 km",Petrol,Manual,Not Available,4th,Not Available,Not Available,"₹ 1,05,000"
"Patthribagh, Dehradun, Uttaranchal",Other Brands,Others,Not Available,2021,"1,000 km",Electric,Automatic,Not Available,1st,Not Available,Not Available,"₹ 1,15,000"
"Devi Nagar, Paonta Sahib, Himachal Pradesh",Hyundai,i20,1.4 Magna AT,2013,"115,000 km",Diesel,Manual,Not Available,1st,Not Available,Not Available,"₹ 3,60,000"
"Shakti Vihar, Dehradun, Uttaranchal",Maruti Suzuki,Alto K10,LXI,2012,"34,000 km",Petrol,Manual,White,1st,UK,Comprehensive,"₹ 2,35,000"
"Purvi Patel Nagar, Dehradun, Uttaranchal",Hyundai,EON,Era +,2016,"31,000 km",Petrol,Manual,White,1st,UK,No Insurance,"₹ 2,60,000"
"Bhandari Bagh, Dehradun, Uttaranchal",Maruti Suzuki,Alto K10,VXI,2012,"56,000 km",Petrol,Manual,Gold,1st,UK,Comprehensive,"₹ 2,50,000"
"Ladpur, Dehradun, Uttaranchal",Mahindra,XUV500,W8 4WD,2012,"80,000 km",Diesel,Manual,Not Available,2nd,Not Available,Not Available,"₹ 6,00,000"
"Rajiv Nagar, Doiwala, Uttaranchal",Maruti Suzuki,Wagon R,VXI,2007,"65,000 km",Petrol,Automatic,Not Available,2nd,Not Available,Not Available,"₹ 1,60,000"
"Khemara, Tehri, Uttaranchal",Tata,Harrier,XE,2020,"5,000 km",Diesel,Manual,Not Available,1st,Not Available,Not Available,"₹ 17,00,000"
"Tehsil Colony, Behat, Uttar Pradesh",Maruti Suzuki,800,AC,2003,"55,000 km",Petrol,Manual,Not Available,1st,Not Available,Not Available,"₹ 65,000"
"Fatehpur, Chhutmalpur, Uttar Pradesh",Tata,Indigo Ecs,eCS LS CR4 BS-IV,2011,"80,000 km",Diesel,Automatic,Not Available,2nd,Not Available,Not Available,"₹ 85,000"
"Jwalapur, Haridwar, Uttaranchal",Chevrolet,Aveo,1.4 LT,2010,"98,000 km",CNG & Hybrids,Automatic,Not Available,3rd,Not Available,Not Available,"₹ 2,25,000"
"Ballupura, Dehradun, Uttaranchal",Toyota,Corolla Altis,1.8 G,2011,"27,000 km",Petrol,Manual,Not Available,2nd,Not Available,Not Available,"₹ 6,00,000"
"Karanpur, Dehradun, Uttaranchal",Maruti Suzuki,Swift,2018 ZXI Plus,2018,"30,000 km",Petrol,Manual,Not Available,1st,Not Available,Not Available,"₹ 7,00,000"
"Doon Vihar, Dehradun, Uttaranchal",Maruti Suzuki,Wagon R,LXI,2007,"85,000 km",Petrol,Manual,Not Available,2nd,Not Available,Not Available,"₹ 1,20,000"
"Krishna Nagar, Dehradun, Uttaranchal",Maruti Suzuki,S-Cross,Zeta 1.3,2018,"50,000 km",Diesel,Manual,Not Available,1st,Not Available,Not Available,"₹ 9,00,000"
"Baurari, New Tehri, Uttaranchal",Maruti Suzuki,800,AC,2006,"60,000 km",Petrol,Manual,Not Available,3rd,Not Available,Not Available,"₹ 80,000"
"Purvi Patel Nagar, Dehradun, Uttaranchal",Hyundai,EON,Sportz,2014,"21,000 km",Petrol,Manual,Brown,1st,UK,Zero Dep,"₹ 2,75,000"
"Ustav Vihar, Dehradun, Uttaranchal",Maruti Suzuki,Swift Dzire,VDI,2013,"76,000 km",Diesel,Manual,Not Available,2nd,Not Available,Not Available,"₹ 3,40,000"
"Dhakrani, Herbertpur, Uttaranchal",Mahindra,Bolero Pik-Up,Others,2012,"100,000 km",Diesel,Automatic,Not Available,1st,Not Available,Not Available,"₹ 3,60,000"
"Shahpur, Bhagwanpur, Uttaranchal",Maruti Suzuki,800,Others,2002,18 km,Petrol,Manual,Not Available,2nd,Not Available,Not Available,"₹ 55,000"
"Badripur, Paonta Sahib, Himachal Pradesh",Honda,WR-V,i-VTEC VX,2019,"45,000 km",Petrol,Manual,Not Available,1st,Not Available,Not Available,"₹ 8,20,000"
"Dadpur Govindpur, Bahadarabad, Uttaranchal",Maruti Suzuki,Alto,2005-2010 LXi BSIII,2011,"73,000 km",Diesel,Manual,Not Available,1st,Not Available,Not Available,"₹ 1,60,000"
"Purvi Patel Nagar, Dehradun, Uttaranchal",Maruti Suzuki,Zen Estilo,LXI BSIII,2007,"26,000 km",Petrol,Manual,Gold,1st,UK,No Insurance,"₹ 1,40,000"
"Shakti Vihar, Dehradun, Uttaranchal",Volkswagen,Polo,2009-2013 Diesel Trendline 1.2L,2012,"95,000 km",Diesel,Manual,White,2nd,UK,Not Available,"₹ 3,20,000"
"Shakti Vihar, Dehradun, Uttaranchal",Hyundai,i20,1.2 Asta,2015,"19,000 km",Petrol,Manual,Grey,1st,UK,Comprehensive,"₹ 5,40,000"
Not Available,Not Available,Not Available,Not Available,Not Available,Not Available,Not Available,Not Available,Not Available,Not Available,Not Available,Not Available,Not Available
"Kincraig, Mussoorie, Uttaranchal",Maruti Suzuki,Wagon R,LXI,2015,"77,000 km",Petrol,Manual,Not Available,2nd,Not Available,Not Available,"₹ 3,50,000"
"Parteetpur Kalyanpur, Herbertpur, Uttaranchal",Maruti Suzuki,Zen,Base,2001,"100,000 km",Petrol,Manual,Not Available,3rd,Not Available,Not Available,"₹ 65,000"
"Mukarrabpur, Piran Kaliyar, Uttaranchal",Mahindra,eKUV100,Others,2016,"8,000 km",Diesel,Automatic,Not Available,2nd,Not Available,Not Available,"₹ 2,10,000"
"Sisauna, Bhagwanpur, Uttaranchal",Maruti Suzuki,Swift,2011-2014 Star VDI,2012,"100,000 km",Diesel,Manual,Not Available,4th,Not Available,Not Available,"₹ 2,00,000"
"Chandreshwar Nagar, Rishikesh, Uttaranchal",Hyundai,Elite i20,Sportz Plus CVT,2018,"21,000 km",Petrol,Manual,Not Available,2nd,Not Available,Not Available,"₹ 6,00,000"
"Kargi, Dehradun, Uttaranchal",Ford,Ecosport,1.5 Diesel Titanium,2019,"25,000 km",Diesel,Manual,Not Available,2nd,Not Available,Not Available,"₹ 9,35,000"
"Prem Nagar, Dehradun, Uttaranchal",Chevrolet,Beat,LS,2013,"80,000 km",Diesel,Manual,Not Available,3rd,Not Available,Not Available,"₹ 1,75,000"
"Sondhowali, Dehradun, Uttaranchal",Ford,Fiesta,2004-2010 1.4 Duratec EXI,2007,"33,680 km",Petrol,Manual,Not Available,1st,Not Available,Not Available,"₹ 4,00,000"
"Connaught Place, Dehradun, Uttaranchal",Maruti Suzuki,Swift Dzire,VDI,2014,"80,000 km",Diesel,Manual,Not Available,2nd,Not Available,Not Available,"₹ 4,10,000"
"Chander Nagar, Dehradun, Uttaranchal",Hyundai,Accent,GLE,2006,"77,000 km",Petrol,Manual,Not Available,1st,Not Available,Not Available,"₹ 1,25,000"
"Rajendra Nagar, Dehradun, Uttaranchal",Maruti Suzuki,Alto,2000-2005 VX 1.1,2001,"80,000 km",Petrol,Automatic,Not Available,1st,Not Available,Not Available,"₹ 1,25,000"
"Vijepur Hathibarkala, Dehradun, Uttaranchal",Honda,City,ZX,2006,"137,000 km",Petrol,Automatic,Not Available,2nd,Not Available,Not Available,"₹ 1,40,000"
"Patel Nagar, Dehradun, Uttaranchal",Other Brands,Others,Not Available,1999,"100,000 km",Petrol,Manual,Not Available,4+,Not Available,Not Available,"₹ 40,000"
"Dallanwala, Dehradun, Uttaranchal",Mahindra,Bolero Pik-Up,FB 1.7T,2018,"37,000 km",Diesel,Manual,Not Available,1st,Not Available,Not Available,"₹ 7,20,000"
"Chander Nagar, Dehradun, Uttaranchal",Skoda,Rapid,Monte Carlo 1.6 MPI,2013,"80,000 km",Diesel,Manual,Not Available,1st,Not Available,Not Available,"₹ 3,05,000"
"Mandakani Vihar, Dehradun, Uttaranchal",Maruti Suzuki,800,DX 5 Speed,2001,"69,140 km",Petrol,Automatic,Not Available,2nd,Not Available,Not Available,"₹ 50,000"
"Shakti Vihar, Dehradun, Uttaranchal",Volkswagen,Polo,1.2 MPI Trendline,2014,"84,000 km",Petrol,Manual,Grey,1st,UK,Comprehensive,"₹ 4,00,000"
"Patel Nagar, Dehradun, Uttaranchal",Maruti Suzuki,Zen Estilo,LXI BS IV,2007,"32,000 km",Petrol,Manual,Bordeaux/Maroon,1st,UK,Comprehensive,"₹ 1,40,000"
"Purvi Patel Nagar, Dehradun, Uttaranchal",Hyundai,Grand i10,2013-2016 AT Asta,2014,"45,000 km",Petrol,Automatic,White,1st,UK,No Insurance,"₹ 4,50,000"
"Saket Colony, Dehradun, Uttaranchal",Maruti Suzuki,Swift,2004-2010 ZXI ABS,2010,"72,600 km",Petrol,Manual,Not Available,1st,Not Available,Not Available,"₹ 2,50,000"
"CPWD Colony, Dehradun, Uttaranchal",Hyundai,Accent,GLE,2006,"77,011 km",Petrol,Manual,Not Available,2nd,Not Available,Not Available,"₹ 1,10,000"
"Kirsali, Dehradun, Uttaranchal",Maruti Suzuki,Alto,2005-2010 LX BSIII,2006,"85,000 km",Petrol,Manual,Not Available,1st,Not Available,Not Available,"₹ 95,000"
"Old Dalanwala, Dehradun, Uttaranchal",Maruti Suzuki,Swift Dzire,Vdi BSIV,2010,"125,000 km",Diesel,Manual,Not Available,1st,Not Available,Not Available,"₹ 2,75,000"
"Kedarpuram, Dehradun, Uttaranchal",Maruti Suzuki,Baleno,Alpha,2018,"15,554 km",Petrol,Manual,Not Available,1st,Not Available,Not Available,"₹ 6,70,000"
"Kalagaon, Dehradun, Uttaranchal",Hyundai,Santro,LS,1999,15 km,Petrol,Manual,Not Available,4+,Not Available,Not Available,"₹ 57,000"
"Panditwari, Dehradun, Uttaranchal",Honda,Brio,Others,2012,"52,000 km",Petrol,Automatic,Not Available,4th,Not Available,Not Available,"₹ 1,65,000"
"Doon IT Park, Dehradun, Uttaranchal",Other Brands,Others,Not Available,2021,786 km,CNG & Hybrids,Automatic,Not Available,1st,Not Available,Not Available,"₹ 15,000"
"Khurbura, Dehradun, Uttaranchal",Nissan,Terrano,XL (D),2014,"89,000 km",Diesel,Manual,Not Available,1st,Not Available,Not Available,"₹ 4,70,000"
"Krishna Nagar, Dehradun, Uttaranchal",Hyundai,i20,2010-2012 1.4 CRDi Magna,2012,"86,000 km",Diesel,Manual,Not Available,2nd,Not Available,Not Available,"₹ 3,80,000"
"Karanpur, Dehradun, Uttaranchal",Maruti Suzuki,Swift Dzire,VXI 1.2,2009,"60,000 km",Petrol,Manual,Not Available,2nd,Not Available,Not Available,"₹ 3,50,000"
"Prem Nagar, Dehradun, Uttaranchal",Tata,Indica Vista,2008-2013 Aura 1.2 Safire (ABS) BS IV,2010,"65,500 km",Petrol,Manual,Not Available,2nd,Not Available,Not Available,"₹ 62,500"
"Do Nali Chowk, Natthuwa Wala, Uttaranchal",Chevrolet,Tavera,Others,2008,"300,000 km",Diesel,Manual,Not Available,1st,Not Available,Not Available,"₹ 1,05,000"
"Vijepur Hathibarkala, Dehradun, Uttaranchal",Honda,City ZX,CVT,2006,"130,000 km",Petrol,Automatic,Not Available,2nd,Not Available,Not Available,"₹ 1,25,000"
"Majra, Dehradun, Uttaranchal",Hyundai,EON,Not Available,2016,"45,000 km",Petrol,Manual,White,Not Available,UK,No Insurance,"₹ 2,45,000"
"Green Valley, Dehradun, Uttaranchal",Maruti Suzuki,Swift Dzire,VDI,2016,"65,000 km",Diesel,Automatic,Not Available,2nd,Not Available,Not Available,"₹ 4,90,000"
"Vasant Vihar, Dehradun, Uttaranchal",Maruti Suzuki,Wagon R,2006-2010 VXI Minor,2007,"100,000 km",Petrol,Manual,Not Available,1st,Not Available,Not Available,"₹ 1,10,000"
"Bhandari Bagh, Dehradun, Uttaranchal",Hyundai,Verna,CRDi 1.6 SX,2012,"61,500 km",Diesel,Manual,White,2nd,UK,Not Available,"₹ 4,15,000"
"Rajpur Road, Dehradun, Uttaranchal",Maruti Suzuki,Swift,2004-2010 Vdi BSIII,2010,"68,000 km",Diesel,Not Available,Not Available,2nd,UK,Not Available,"₹ 2,25,000"
"Purvi Patel Nagar, Dehradun, Uttaranchal",Hyundai,i10,Sportz 1.2 Kappa2,2012,"32,000 km",Petrol,Manual,White,1st,UK,Comprehensive,"₹ 2,65,000"
"Banwaha, Doiwala, Uttaranchal",Hyundai,EON,Magna +,2013,"51,000 km",Petrol,Manual,Not Available,3rd,Not Available,Not Available,"₹ 2,15,000"
"Clement Town, Dehradun, Uttaranchal",Maruti Suzuki,Ritz,LDi,2012,"87,000 km",Diesel,Manual,Not Available,2nd,Not Available,Not Available,"₹ 2,20,000"
"Johari, Dehradun, Uttaranchal",Volkswagen,Polo,2009-2013 Diesel Comfortline 1.2L,2013,"69,000 km",Diesel,Manual,Not Available,1st,Not Available,Not Available,"₹ 3,10,000"
"Mohit Vihar, Dehradun, Uttaranchal",Maruti Suzuki,Celerio,2014-2017 VXI AT,2017,"50,000 km",Petrol,Automatic,White,1st,UK,Comprehensive,"₹ 4,40,000"
"Pharma City, Selaqui, Uttaranchal",Maruti Suzuki,Alto,LX,2007,"65,000 km",Petrol,Manual,Silver,1st,CH,Third Party,"₹ 89,000"
"Dehrakhas, Dehradun, Uttaranchal",Toyota,Innova,2012-2013 2.5 G (Diesel) 7 Seater,2012,"72,000 km",Diesel,Manual,Not Available,4th,Not Available,Not Available,"₹ 4,65,000"
"Race Course, Dehradun, Uttaranchal",Maruti Suzuki,Swift Dzire,VDI,2015,"75,000 km",Diesel,Automatic,Not Available,2nd,Not Available,Not Available,"₹ 4,75,000"
"Morawala Village, Dehradun, Uttaranchal",Maruti Suzuki,Swift Dzire Tour,LDI,2017,"60,000 km",Diesel,Manual,Not Available,1st,Not Available,Not Available,"₹ 5,00,000"
"Majra, Dehradun, Uttaranchal",Hyundai,i10,Not Available,2010,"86,000 km",Petrol,Manual,White,Not Available,UK,Third Party,"₹ 1,85,000"
"Industrial Area, Haridwar, Uttaranchal",Maruti Suzuki,Swift Dzire,1.2 Lxi BSIV,2009,"85,000 km",Petrol,Manual,Not Available,1st,Not Available,Not Available,"₹ 1,90,000"
"Banjarawala, Dehradun, Uttaranchal",Ford,Figo,1.5D Titanium MT,2019,"27,400 km",Diesel,Manual,Not Available,1st,Not Available,Not Available,"₹ 6,30,000"
"Kunjapuri Vihar, Dehradun, Uttaranchal",Hyundai,i10,Not Available,2014,"70,000 km",Petrol,Not Available,White,Not Available,Not Available,Not Available,"₹ 2,80,000"
"Govind Garh, Dehradun, Uttaranchal",Maruti Suzuki,Ritz,Ldi BS-IV,2014,"63,245 km",Diesel,Manual,Not Available,2nd,Not Available,Not Available,"₹ 2,90,000"
"Ganguwala, Paonta Sahib, Himachal Pradesh",Maruti Suzuki,800,AC,2003,"25,000 km",Petrol,Manual,Not Available,2nd,Not Available,Not Available,"₹ 45,000"
"Pul Jatwara, Haridwar, Uttaranchal",Mahindra,XUV500,W10 2WD,2018,"60,500 km",Diesel,Manual,Not Available,2nd,Not Available,Not Available,"₹ 12,50,000"
"Jwalapur, Haridwar, Uttaranchal",Maruti Suzuki,Swift,VXI,2019,"18,000 km",Petrol,Manual,Not Available,1st,Not Available,Not Available,"₹ 6,50,000"
"Doiwala Chowk, Doiwala, Uttaranchal",Maruti Suzuki,Esteem,Vxi,2008,"55,400 km",Petrol,Manual,Not Available,2nd,Not Available,Not Available,"₹ 75,000"
"Shakti Vihar, Dehradun, Uttaranchal",Hyundai,Verna,CRDi 1.6 SX,2014,"75,000 km",Diesel,Manual,Silver,2nd,UK,Comprehensive,"₹ 5,50,000"
"Bhandari Bagh, Dehradun, Uttaranchal",Honda,Amaze,1.2 SMT I VTEC,2019,"26,865 km",Petrol,Manual,Red,1st,Not Available,Comprehensive,"₹ 7,00,000"
"Shakti Vihar, Dehradun, Uttaranchal",Hyundai,i10,Sportz 1.2 Kappa2,2010,"86,000 km",Petrol,Manual,White,2nd,UK,Comprehensive,"₹ 2,00,000"
"IAS Officers Colony, Dehradun, Uttaranchal",Hyundai,Santro,LP zipPlus,2003,"95,000 km",Petrol,Manual,Not Available,2nd,Not Available,Not Available,"₹ 65,000"
"Krishna Nagar, Dehradun, Uttaranchal",Ford,Figo,Titanium,2010,"62,000 km",Petrol,Manual,Not Available,2nd,Not Available,Not Available,"₹ 1,70,000"
"Chaman Vihar, Dehradun, Uttaranchal",Chevrolet,Beat,2010-2013 LT,2011,"68,200 km",Petrol,Manual,Not Available,2nd,Not Available,Not Available,"₹ 1,22,000"
"Majra, Dehradun, Uttaranchal",Honda,Amaze,E Diesel,2018,"76,000 km",Diesel,Manual,Not Available,1st,Not Available,Not Available,"₹ 4,80,000"
"Doon IT Park, Dehradun, Uttaranchal",Volkswagen,Polo,1.2 MPI Comfortline,2016,"66,199 km",Petrol,Manual,Not Available,1st,Not Available,Not Available,"₹ 4,20,000"
"Mukarrabpur, Piran Kaliyar, Uttaranchal",Maruti Suzuki,Wagon R,CNG LXI,2006,"125,000 km",Petrol,Manual,Not Available,3rd,Not Available,Not Available,"₹ 70,000"
"Shamsherpur, Paonta Sahib, Himachal Pradesh",Maruti Suzuki,Alto,2005-2010 LX BSIII,2009,"72,000 km",Petrol,Manual,Not Available,2nd,Not Available,Not Available,"₹ 1,30,000"
"Rajpur Road, Dehradun, Uttaranchal",Maruti Suzuki,Ritz,2009-2011 VDi ABS,2011,"65,000 km",Diesel,Not Available,Not Available,2nd,UK,Not Available,"₹ 2,25,000"
"Gandhi Park, Dehradun, Uttaranchal",Tata,Indigo Ecs,eCS VX CR4 BS-IV,2012,"105,000 km",Diesel,Manual,Not Available,2nd,Not Available,Not Available,"₹ 1,05,000"
"National Institute of Visually Handicapped, Dehradun, Uttaranchal",Ford,Figo,Others,2010,"70,000 km",Petrol,Manual,Not Available,3rd,Not Available,Not Available,"₹ 1,42,000"
"Ladpur, Dehradun, Uttaranchal",Maruti Suzuki,Swift,2004-2010 VDI BSIV,2009,"63,500 km",Petrol,Manual,Not Available,3rd,Not Available,Not Available,"₹ 2,60,000"
"Shewla Kalan, Dehradun, Uttaranchal",Maruti Suzuki,Swift,VXI,2011,"59,000 km",Petrol,Manual,White,1st,UK,Comprehensive,"₹ 3,20,000"
"Chhotuwala, Vikasnagar, Uttaranchal",Maruti Suzuki,Swift Dzire,VDI Optional,2016,"160,000 km",Diesel,Manual,Not Available,1st,Not Available,Not Available,"₹ 5,35,000"
"Majra, Dehradun, Uttaranchal",Maruti Suzuki,Alto 800,Not Available,2018,"45,000 km",Petrol,Manual,White,Not Available,UK,Third Party,"₹ 3,30,000"
"Bhandari Bagh, Dehradun, Uttaranchal",Maruti Suzuki,Alto,LXi,2011,"70,000 km",Petrol,Manual,Silver,1st,UK,No Insurance,"₹ 2,00,000"
"Purvi Patel Nagar, Dehradun, Uttaranchal",Volkswagen,Vento,1.5 TDI Highline Plus 16 Alloy,2014,"65,000 km",Diesel,Manual,Silver,1st,UK,Comprehensive,"₹ 3,85,000"
"Adarsh Nagar, Dehradun, Uttaranchal",Hyundai,Creta,1.6 SX Plus,2018,"9,500 km",Petrol,Manual,Not Available,1st,Not Available,Not Available,"₹ 13,95,000"
"Race Course, Dehradun, Uttaranchal",Maruti Suzuki,Swift Dzire,LDI,2016,"77,000 km",Diesel,Manual,White,1st,UK,Comprehensive,"₹ 3,90,000"
"Purvi Patel Nagar, Dehradun, Uttaranchal",Maruti Suzuki,Swift,VVT VXI,2019,"15,000 km",Petrol,Manual,Blue,1st,UK,Comprehensive,"₹ 5,90,000"
"Shakti Vihar, Dehradun, Uttaranchal",Maruti Suzuki,Swift Dzire,VXI,2013,"82,000 km",Petrol,Manual,Silver,1st,UK,Not Available,"₹ 3,55,000"
"Shakti Vihar, Dehradun, Uttaranchal",Skoda,Rapid,2013-2016 1.5 TDI AT Ambition With Alloy Wheel,2014,"109,000 km",Diesel,Automatic,Not Available,2nd,Not Available,Not Available,"₹ 4,60,000"
"Bhagwantpur, Dehradun, Uttaranchal",Maruti Suzuki,Swift Dzire,AMT VDI,2017,"60,000 km",Diesel,Automatic,Not Available,1st,Not Available,Not Available,"₹ 6,50,000"
"Itz Doctor Colony, Rishikesh, Uttaranchal",Mercedes-Benz,GLA,Others,2016,"42,000 km",Diesel,Automatic,Not Available,3rd,Not Available,Not Available,"₹ 22,50,000"
"Shivalik Nagar, SIDCUL Haridwar, Uttaranchal",Maruti Suzuki,Swift,2004-2010 VXi BSIV,2006,"90,000 km",Petrol,Manual,Not Available,2nd,Not Available,Not Available,"₹ 1,05,000"
"Matawala Bagh, Dehradun, Uttaranchal",Honda,Brio,1.2 S MT,2012,"68,799 km",Petrol,Manual,Not Available,1st,Not Available,Not Available,"₹ 2,65,000"
"Bhatia Colony, Dehradun, Uttaranchal",Maruti Suzuki,Swift Dzire,VXI,2021,"1,000 km",Petrol,Manual,Not Available,1st,Not Available,Not Available,"₹ 35,00,000"
"Connaught Place, Dehradun, Uttaranchal",Hyundai,i20,2015-2017 Sportz 1.2,2017,"37,500 km",Petrol,Manual,Not Available,1st,Not Available,Not Available,"₹ 5,62,000"
"Shivalik Puram, Dehradun, Uttaranchal",Hyundai,Getz Prime,Getz Prime 1.3 GLS,2006,"53,000 km",Petrol,Manual,Not Available,2nd,Not Available,Not Available,"₹ 1,00,000"
"GMS Road, Dehradun, Uttaranchal",Other Brands,Others,Not Available,2017,"6,000 km",Not Available,Not Available,Not Available,Not Available,Not Available,Not Available,"₹ 1,15,000"
"Sita Pur, Haridwar, Uttaranchal",Maruti Suzuki,Ertiga,SHVS VDI,2018,"30,000 km",Diesel,Manual,Not Available,1st,Not Available,Not Available,"₹ 8,55,000"
"Arya Nagar, Haridwar, Uttaranchal",Hyundai,Santro Xing,XG,2004,"25,000 km",Petrol,Manual,Not Available,1st,Not Available,Not Available,"₹ 1,30,000"
"Ganeshpur, Roorkee, Uttaranchal",Hyundai,Elite i20,Sportz 1.2,2014,"106,000 km",Diesel,Manual,Not Available,3rd,Not Available,Not Available,"₹ 4,00,000"
"Dhakrani, Herbertpur, Uttaranchal",Maruti Suzuki,SX4,VDI,2011,"118,000 km",Diesel,Manual,Not Available,2nd,Not Available,Not Available,"₹ 2,20,000"
"Prem Nagar, Dehradun, Uttaranchal",Maruti Suzuki,Wagon R,1999-2006 LXI,2004,"90,000 km",Petrol,Manual,Not Available,3rd,Not Available,Not Available,"₹ 85,000"
"Khurbura, Dehradun, Uttaranchal",Tata,Indica,Xeta GLS BS IV,2007,"48,000 km",Petrol,Automatic,Not Available,3rd,Not Available,Not Available,"₹ 60,000"
"Jwalapur, Haridwar, Uttaranchal",Mahindra,Quanto,C4,2015,19 km,Diesel,Manual,Not Available,2nd,Not Available,Not Available,"₹ 2,50,000"
"Prit Vihar, Dehradun, Uttaranchal",Maruti Suzuki,Swift,VDI,2010,"73,000 km",Diesel,Manual,Not Available,2nd,Not Available,Not Available,"₹ 2,20,000"
"Bhandari Bagh, Dehradun, Uttaranchal",Maruti Suzuki,Vitara Brezza,VDi Option,2017,"62,500 km",Diesel,Manual,Red,1st,UK,Not Available,"₹ 7,75,000"
"Race Course, Dehradun, Uttaranchal",Honda,City,2015-2017 i VTEC VX Option,2016,"69,000 km",Diesel,Manual,Brown,1st,UK,Comprehensive,"₹ 6,90,000"
"Race Course, Dehradun, Uttaranchal",Renault,Duster,85PS Diesel RxL,2015,"56,000 km",Diesel,Manual,White,1st,UK,Zero Dep,"₹ 5,45,000"
"Lakkhibagh, Dehradun, Uttaranchal",Maruti Suzuki,Alto,LXi,2008,"75,000 km",Petrol,Manual,Not Available,2nd,Not Available,Not Available,"₹ 1,40,000"
"Peeli Kothi, Dehradun, Uttaranchal",Jeep,Compass,1.4 Sport Plus,2020,"5,000 km",Petrol,Manual,Not Available,1st,Not Available,Not Available,"₹ 17,50,000"
"Jakhan, Dehradun, Uttaranchal",Maruti Suzuki,800,Uniq,1985,"92,000 km",Petrol,Manual,Not Available,2nd,Not Available,Not Available,"₹ 99,000"
"Sector 03, Haridwar, Uttaranchal",Hyundai,Verna,2010-2011 Transform VGT CRDi with Audio BS III,2010,"100,000 km",Diesel,Manual,Not Available,1st,Not Available,Not Available,"₹ 3,50,000"
"Bhokarhedi, Uttar Pradesh, India",Maruti Suzuki,Wagon R,LXI CNG,2007,"180,000 km",CNG & Hybrids,Automatic,Not Available,2nd,Not Available,Not Available,"₹ 85,000"
"Clement Town, Dehradun, Uttaranchal",Maruti Suzuki,Swift,2011-2014 Star VXI,2010,"80,000 km",CNG & Hybrids,Automatic,Not Available,4th,Not Available,Not Available,"₹ 1,85,000"
"Mohabbey Wala, Dehradun, Uttaranchal",Toyota,Innova,2.5 EV Diesel PS 7 Seater BSIII,2012,"300,000 km",Diesel,Manual,Not Available,2nd,Not Available,Not Available,"₹ 4,00,000"
"Old Dalanwala, Dehradun, Uttaranchal",Maruti Suzuki,Swift,2011-2014 RS VXI,2010,"80,000 km",Petrol,Manual,Not Available,2nd,Not Available,Not Available,"₹ 2,00,000"
"Niranjan Pur, Dehradun, Uttaranchal",Maruti Suzuki,Eeco,Smiles 7 Seater Standard,2018,18 km,Petrol,Manual,Not Available,1st,Not Available,Not Available,"₹ 3,10,000"
"Jagjeetpur, Haridwar, Uttaranchal",Toyota,Innova Crysta,2.7 GX MT,2018,"70,000 km",Diesel,Manual,Not Available,1st,Not Available,Not Available,"₹ 12,00,000"
"Noorpur Dehat, Deoband, Uttar Pradesh",Maruti Suzuki,Swift Dzire,VDI,2011,"245,000 km",Diesel,Manual,Not Available,2nd,Not Available,Not Available,"₹ 2,30,000"
"Muni Ki Reti, Rishikesh, Uttaranchal",Hyundai,i20,2009-2011 Magna,2010,"71,000 km",Petrol,Manual,Not Available,3rd,Not Available,Not Available,"₹ 2,20,000"
"Majra, Dehradun, Uttaranchal",Hyundai,EON,Not Available,2012,"77,349 km",Petrol,Manual,Blue,Not Available,UK,No Insurance,"₹ 1,95,000"
"Majra, Dehradun, Uttaranchal",Honda,Amaze,Not Available,2014,"90,856 km",Diesel,Manual,White,Not Available,UK,Comprehensive,"₹ 3,85,000"
"Bajhet, Dehradun, Uttaranchal",Maruti Suzuki,Gypsy,King ST BSIII,2000,"110,000 km",Petrol,Manual,Not Available,2nd,Not Available,Not Available,"₹ 2,20,000"
"Jwalapur, Haridwar, Uttaranchal",Tata,Indica Vista,TDI LX,2010,20 km,Diesel,Manual,Not Available,1st,Not Available,Not Available,"₹ 80,000"
"Raipur Area, Dehradun, Uttaranchal",Maruti Suzuki,Alto 800,Not Available,2013,"87,000 km",Petrol,Not Available,Not Available,Not Available,Not Available,Not Available,"₹ 1,90,000"
"Race Course, Dehradun, Uttaranchal",Tata,Safari,Not Available,2010,"95,000 km",Diesel,Manual,Black,2nd,UK,Not Available,"₹ 2,20,000"
"Shakti Vihar, Dehradun, Uttaranchal",Maruti Suzuki,800,AC BSIII,2007,"56,000 km",Petrol,Manual,Silver,1st,UK,Third Party,"₹ 90,000"
"Shakti Vihar, Dehradun, Uttaranchal",Mahindra,TUV 300,T4 PLUS,2017,"26,400 km",Diesel,Manual,Red,1st,UK,Comprehensive,"₹ 6,90,000"
"Uday Vihar, Dehradun, Uttaranchal",Mercedes-Benz,Ml Class,Others,2012,"117,000 km",Diesel,Automatic,Not Available,2nd,Not Available,Not Available,"₹ 17,00,000"
"Guruwala, Herbertpur, Uttaranchal",Mahindra,Others,Others,2013,"930,000 km",Diesel,Manual,Not Available,1st,Not Available,Not Available,"₹ 1,70,000"
"GMS Road, Dehradun, Uttaranchal",Maruti Suzuki,Wagon R,1999-2006 LXI,2006,"64,500 km",Not Available,Not Available,Silver,1st,DL,Not Available,"₹ 1,20,000"
"Uniyal Gaon, Chamba, Uttaranchal",Maruti Suzuki,Alto,2000-2005 LX,2008,"98,000 km",Petrol,Manual,Not Available,2nd,Not Available,Not Available,"₹ 82,000"
"Prem Nagar, Doiwala, Uttaranchal",Maruti Suzuki,800,Others,1999,"85,254 km",Petrol,Manual,Not Available,1st,Not Available,Not Available,"₹ 35,000"
"Sahaspur, Dehradun, Uttaranchal",Tata,Indigo CS,2008-2012 eLX BS IV,2011,"80,000 km",Diesel,Manual,Not Available,3rd,Not Available,Not Available,"₹ 1,10,000"
"Mehunwala, Vikasnagar, Uttaranchal",Tata,Nano,2012-2015 CNG LX,2014,"34,500 km",Petrol,Automatic,Not Available,1st,Not Available,Not Available,"₹ 60,000"
"Rajendra Nagar, Dehradun, Uttaranchal",Maruti Suzuki,Wagon R 1.0,1.0 VXi,2016,"13,400 km",Petrol,Manual,Not Available,1st,Not Available,Not Available,"₹ 4,20,000"
"Amish Vihar, Dehradun, Uttaranchal",Renault,KWID,1.0 RXL,2018,"88,000 km",Petrol,Manual,Not Available,1st,Not Available,Not Available,"₹ 2,60,000"
"Pnb Enclave, Dehradun, Uttaranchal",Mercedes-Benz,GLA,Others,2015,"56,000 km",Diesel,Automatic,White,Not Available,UK,Zero Dep,"₹ 19,25,000"
"Pnb Enclave, Dehradun, Uttaranchal",Toyota,Camry,2002-2011 V4 (MT),2007,"70,000 km",Petrol,Manual,White,2nd,HP,Comprehensive,"₹ 2,65,000"
"Purvi Patel Nagar, Dehradun, Uttaranchal",Hyundai,EON,1.0 Era Plus,2016,"42,000 km",Petrol,Manual,Silver,1st,UK,Comprehensive,"₹ 2,60,000"
"Purvi Patel Nagar, Dehradun, Uttaranchal",Hyundai,Verna,2011-2014 1.6 SX VTVT,2014,"15,000 km",Petrol,Manual,White,1st,UK,Zero Dep,"₹ 6,25,000"
"Purvi Patel Nagar, Dehradun, Uttaranchal",Maruti Suzuki,Wagon R 1.0,1.0 Vxi-ABS-Airbag,2006,"58,000 km",Petrol,Manual,Gold,1st,UK,Comprehensive,"₹ 75,000"
"Prem Nagar, Dehradun, Uttaranchal",Maruti Suzuki,Alto 800,VXI Airbag,2020,"24,000 km",Petrol,Manual,Not Available,1st,Not Available,Not Available,"₹ 3,80,000"
"Sahaspur, Dehradun, Uttaranchal",Skoda,Octavia,Others,2009,"75,000 km",Diesel,Manual,Not Available,2nd,Not Available,Not Available,"₹ 2,00,000"
"Mohakampur, Dehradun, Uttaranchal",Maruti Suzuki,Swift Dzire,VDI,2010,"65,000 km",Diesel,Manual,Not Available,3rd,Not Available,Not Available,"₹ 2,65,000"
"Matawala Bagh, Dehradun, Uttaranchal",Honda,City,2014-2015 i VTEC V,2014,"48,500 km",Petrol,Manual,Brown,1st,UK,Comprehensive,"₹ 5,75,000"
"Race Course, Dehradun, Uttaranchal",Ford,Ecosport,1.5 Diesel Titanium,2014,"69,000 km",Diesel,Manual,Silver,2nd,UK,Comprehensive,"₹ 4,50,000"
"Race Course, Dehradun, Uttaranchal",Audi,Q3,2.0 TDI Quattro,2014,"69,000 km",Diesel,Automatic,White,2nd,UK,Comprehensive,"₹ 14,00,000"
"ShyamPur, Rishikesh, Uttaranchal",Fiat,Punto,1.3 Emotion,2011,"100,000 km",Diesel,Manual,Not Available,1st,Not Available,Not Available,"₹ 1,95,000"
"Trimurti Vihar, Dehradun, Uttaranchal",Ambassador,Others,Others,2021,123 km,Electric,Automatic,Not Available,1st,Not Available,Not Available,"₹ 15,000"
"Chandra Parisar, Dehradun, Uttaranchal",Mahindra,Bolero Pik-Up,FB 1.25T,2017,"90,000 km",Diesel,Manual,Not Available,1st,Not Available,Not Available,"₹ 5,50,000"
"Old Dalanwala, Dehradun, Uttaranchal",Maruti Suzuki,Omni,8 Seater BSIV,2017,"29,000 km",Petrol,Manual,Not Available,2nd,Not Available,Not Available,"₹ 2,10,000"
"Dhalwala, Rishikesh, Uttaranchal",Mahindra,Jeep,Others,2012,"50,000 km",Diesel,Manual,Not Available,2nd,Not Available,Not Available,"₹ 5,00,000"
"Taruwala, Paonta Sahib, Himachal Pradesh",Maruti Suzuki,Alto,2005-2010 LX BSIII,2006,"121,000 km",Petrol,Manual,Not Available,2nd,Not Available,Not Available,"₹ 1,20,000"
Not Available,Not Available,Not Available,Not Available,Not Available,Not Available,Not Available,Not Available,Not Available,Not Available,Not Available,Not Available,Not Available
"Pharma City, Selaqui, Uttaranchal",Tata,Safari,Others,2009,"169,000 km",Diesel,Manual,Not Available,2nd,Not Available,Not Available,"₹ 2,10,000"
"Markham Grant, Doiwala, Uttaranchal",Honda,City ZX,GXi,2006,"72,000 km",Petrol,Manual,Not Available,4th,Not Available,Not Available,"₹ 1,80,000"
"Fatehpur, Chhutmalpur, Uttar Pradesh",Maruti Suzuki,Wagon R 1.0,1.0 LXi,2006,"125,486 km",LPG,Automatic,Not Available,2nd,Not Available,Not Available,"₹ 65,000"
"Ranipur, Haridwar, Uttaranchal",Maruti Suzuki,Vitara Brezza,ZDi AMT,2018,"65,000 km",Diesel,Automatic,Not Available,1st,Not Available,Not Available,"₹ 9,14,998"
"Govindpuri, Haridwar, Uttaranchal",Hyundai,Creta,1.6 CRDi SX Option,2017,"31,000 km",Diesel,Manual,Not Available,2nd,Not Available,Not Available,"₹ 12,50,000"
"Pashulok, Rishikesh, Uttaranchal",Hyundai,Santro Xing,GLS,2010,"78,000 km",Petrol,Manual,Not Available,1st,Not Available,Not Available,"₹ 1,60,000"
"Ganganagar, Rishikesh, Uttaranchal",Maruti Suzuki,Wagon R,LXI,2006,"100,000 km",Petrol,Manual,Not Available,4th,Not Available,Not Available,"₹ 70,000"
"Tehsil Colony, Behat, Uttar Pradesh",Maruti Suzuki,800,DX,1999,18 km,Petrol,Manual,Not Available,3rd,Not Available,Not Available,"₹ 35,000"
"BHEL Sector 1, Haridwar, Uttaranchal",Hyundai,Grand i10,2013-2016 Magna,2016,"24,000 km",Petrol,Manual,Not Available,1st,Not Available,Not Available,"₹ 4,25,000"
"Bhopatwala Khurd, Haridwar, Uttaranchal",Maruti Suzuki,Alto,2000-2005 LXI,2012,"70,000 km",Petrol,Manual,Not Available,2nd,Not Available,Not Available,"₹ 1,90,000"
"Rajpur Road, Dehradun, Uttaranchal",Maruti Suzuki,Swift,DDiS VDI,2014,"64,600 km",Not Available,Not Available,Not Available,1st,Not Available,Not Available,"₹ 4,15,000"
"Shakti Vihar, Dehradun, Uttaranchal",Volkswagen,Vento,1.6 Trendline,2011,"75,000 km",Petrol,Manual,White,1st,UK,Third Party,"₹ 2,70,000"
"GMS Road, Dehradun, Uttaranchal",Hyundai,i10,Sportz,2014,"61,000 km",Diesel,Manual,White,2nd,UK,Zero Dep,"₹ 3,95,000"
"Koyalghati, Rishikesh, Uttaranchal",Chevrolet,Optra,1.6 Elite,2007,"85,000 km",Petrol,Manual,Not Available,1st,Not Available,Not Available,"₹ 1,90,000"
"Devpura, Haridwar, Uttaranchal",Maruti Suzuki,Alto 800,LXI,2008,"67,500 km",Petrol,Manual,Not Available,2nd,Not Available,Not Available,"₹ 1,75,000"
"Shivpuri Colony, Haridwar, Uttaranchal",Chevrolet,Aveo,Others,2007,"500,658 km",Petrol,Manual,Not Available,3rd,Not Available,Not Available,"₹ 80,000"
"Rishilok Colony, Rishikesh, Uttaranchal",Renault,Scala,Not Available,2013,"40,000 km",Diesel,Not Available,Not Available,Not Available,Not Available,Not Available,"₹ 5,30,000"
"Fatehpur, Chhutmalpur, Uttar Pradesh",Tata,Indigo,XL TDI,2012,"50,000 km",Diesel,Automatic,Not Available,1st,Not Available,Not Available,"₹ 80,000"
"Adarsh Vihar, Herbertpur, Uttaranchal",Maruti Suzuki,Alto 800,2012-2016 LXI,2006,"43,000 km",Petrol,Automatic,Not Available,2nd,Not Available,Not Available,"₹ 1,20,000"
"Teliwala, Piran Kaliyar, Uttaranchal",Maruti Suzuki,Swift,VXI,2007,"100,000 km",Diesel,Automatic,Not Available,3rd,Not Available,Not Available,"₹ 1,70,000"
"Shahpur, Bhagwanpur, Uttaranchal",Maruti Suzuki,Swift,2011-2014 Star LDI,2011,"100,000 km",Diesel,Automatic,Not Available,3rd,Not Available,Not Available,"₹ 2,60,000"
"Parvati Vihar, Dehradun, Uttaranchal",Honda,City,2014-2015 i VTEC CVT VX,2015,"34,500 km",Petrol,Automatic,Not Available,2nd,Not Available,Not Available,"₹ 8,00,000"
"Pnb Enclave, Dehradun, Uttaranchal",Honda,City ZX,GXi,2008,"135,000 km",Petrol,Manual,Not Available,1st,Not Available,Not Available,"₹ 1,80,000"
"Patthribagh, Dehradun, Uttaranchal",Maruti Suzuki,Alto K10,VXI AMT,2015,"27,000 km",Petrol,Automatic,Not Available,2nd,Not Available,Not Available,"₹ 3,60,000"
"Dallanwala, Dehradun, Uttaranchal",Toyota,Etios Liva,2013-2014 GD,2013,"81,000 km",Diesel,Manual,Not Available,2nd,Not Available,Not Available,"₹ 3,40,000"
"Shrawannath Nagar, Haridwar, Uttaranchal",Toyota,Innova,2.5 G (Diesel) 7 Seater BS-IV,2015,"145,000 km",Diesel,Manual,Not Available,1st,Not Available,Not Available,"₹ 6,90,000"
"Subhash Nagar, Haridwar, Uttaranchal",Mahindra,Bolero Power Plus,SLE,2018,"49,909 km",Diesel,Automatic,Not Available,1st,Not Available,Not Available,"₹ 6,30,000"
"Vishavkarma Chowk, Paonta Sahib, Himachal Pradesh",Chevrolet,Beat,PS,2011,"65,000 km",Petrol,Manual,Not Available,1st,Not Available,Not Available,"₹ 3,00,000"
"Salempur Mahdood, SIDCUL Haridwar, Uttaranchal",Maruti Suzuki,Swift Dzire,ZDI,2019,"15,000 km",Diesel,Manual,Not Available,1st,Not Available,Not Available,"₹ 3,00,000"
"Subhash Nagar, Haridwar, Uttaranchal",Maruti Suzuki,Omni,Maruti Omni MPI STD BSIII 5-STR W/ IMMOBILISER,2015,"38,000 km",Petrol,Automatic,Not Available,1st,Not Available,Not Available,"₹ 1,80,000"
"Patel Nagar, Dehradun, Uttaranchal",Jeep,Compass,2.0 Limited Plus,2018,"19,000 km",Diesel,Manual,White,1st,UK,Not Available,"₹ 19,00,000"
"Mahadev Vihar, Dehradun, Uttaranchal",Honda,Jazz,1.5 SV i DTEC,2016,"63,000 km",Diesel,Manual,White,1st,UK,Not Available,"₹ 4,95,000"
"Purvi Patel Nagar, Dehradun, Uttaranchal",Volkswagen,Vento,1.6 Trendline,2013,"42,000 km",Diesel,Manual,White,1st,UK,No Insurance,"₹ 4,10,000"
"Barrage Colony, Rishikesh, Uttaranchal",Hyundai,Grand i10 Nios,Sportz,2020,"12,000 km",Petrol,Manual,Not Available,1st,Not Available,Not Available,"₹ 6,45,000"
"Valmiki Colony, Behat, Uttar Pradesh",Ford,Fiesta,2004-2010 1.6 Duratec S,2006,"116,791 km",Diesel,Manual,Not Available,3rd,Not Available,Not Available,"₹ 58,000"
"Vishavkarma Chowk, Paonta Sahib, Himachal Pradesh",Maruti Suzuki,Celerio,2014-2017 ZXI,2014,"39,000 km",Petrol,Manual,Not Available,1st,Not Available,Not Available,"₹ 3,80,000"
"Shamsherpur, Paonta Sahib, Himachal Pradesh",Maruti Suzuki,800,AC,2003,"30,000 km",Petrol,Manual,Not Available,2nd,Not Available,Not Available,"₹ 40,000"
"Shahpur, Bhagwanpur, Uttaranchal",Maruti Suzuki,Wagon R,2006-2010 LXI Minor,2007,"75,000 km",Petrol,Manual,Not Available,2nd,Not Available,Not Available,"₹ 90,000"
"Pathan Pura, Manglaur, Uttaranchal",Mahindra,Scorpio,S10 AT 2WD,2015,"75,000 km",Diesel,Manual,Not Available,1st,Not Available,Not Available,"₹ 9,25,000"
"Bhuppur, Paonta Sahib, Himachal Pradesh",Maruti Suzuki,Swift Dzire,VXI 1.2,2015,"90,000 km",Petrol,Manual,Not Available,1st,Not Available,Not Available,"₹ 4,70,000"
"Qureshyaan Colony, Vikasnagar, Uttaranchal",Maruti Suzuki,Zen,LXI,2006,"70,000 km",Petrol,Manual,Not Available,1st,Not Available,Not Available,"₹ 1,00,000"
"Chaudahbigha, Rishikesh, Uttaranchal",Ford,Ecosport,1.5 Diesel Ambiente,2016,"84,000 km",Diesel,Manual,Not Available,1st,Not Available,Not Available,"₹ 6,95,000"
"Bhaniyawala, Doiwala, Uttaranchal",Maruti Suzuki,Wagon R 1.0,1.0 VXi,2015,"85,000 km",Petrol,Manual,Not Available,2nd,Not Available,Not Available,"₹ 3,00,000"
"Ordnance Estate, Dehradun, Uttaranchal",Tata,Manza,Aura (ABS) Quadrajet BS IV,2010,"68,000 km",Diesel,Manual,Not Available,2nd,Not Available,Not Available,"₹ 1,55,000"
"Defence Colony, Dehradun, Uttaranchal",Hyundai,Xcent,S 1.2,2019,"21,000 km",Petrol,Manual,Not Available,1st,Not Available,Not Available,"₹ 5,23,500"
"Missar Wala Kala, Doiwala, Uttaranchal",Mahindra,Xylo,2009-2011 E4 BS IV,2011,"48,000 km",Diesel,Manual,Not Available,3rd,Not Available,Not Available,"₹ 2,40,000"
"Adarsh Nagar, Dehradun, Uttaranchal",Mahindra,XUV500,2011-2015 W8-2WD,2013,"68,000 km",Diesel,Manual,Not Available,2nd,Not Available,Not Available,"₹ 5,10,000"
"Shivalik Nagar, SIDCUL Haridwar, Uttaranchal",Maruti Suzuki,Wagon R,1999-2006 LX,2005,"86,000 km",Petrol,Manual,Not Available,2nd,Not Available,Not Available,"₹ 1,00,000"
"Shastri Nagar, Rishikesh, Uttaranchal",Maruti Suzuki,Ritz,VDI (ABS) BS-IV,2012,"56,000 km",Diesel,Manual,Not Available,2nd,Not Available,Not Available,"₹ 2,60,000"
"Subhkhera, Paonta Sahib, Himachal Pradesh",Maruti Suzuki,Swift,VDI BS IV,2015,"82,300 km",Diesel,Automatic,Not Available,1st,Not Available,Not Available,"₹ 4,70,000"
"Purvi Patel Nagar, Dehradun, Uttaranchal",Mahindra,Scorpio,2002-2013 2.6 DX,2013,"51,000 km",Diesel,Manual,White,1st,UK,Third Party,"₹ 4,80,000"
"Purvi Patel Nagar, Dehradun, Uttaranchal",Hyundai,i20,Asta Option,2018,"11,500 km",Petrol,Manual,Champagne,1st,UK,Zero Dep,"₹ 6,95,000"
"Race Course, Dehradun, Uttaranchal",Maruti Suzuki,Ciaz,2014-2017 ZDi,2015,"74,000 km",Diesel,Manual,White,2nd,UK,Comprehensive,"₹ 5,20,000"
"Kishanpur, Paonta Sahib, Himachal Pradesh",Maruti Suzuki,Alto,2005-2010 LX BSIII,2010,"9,000 km",Petrol,Manual,Not Available,3rd,Not Available,Not Available,"₹ 1,45,000"
"Sham Vihar Phase 1, Haridwar, Uttaranchal",Hyundai,i20,1.2 Spotz,2011,"68,000 km",Petrol,Manual,White,2nd,UK,Third Party,"₹ 2,60,000"
"Jagjeetpur, Haridwar, Uttaranchal",Fiat,Linea Classic,Plus 1.3 Multijet,2014,"52,000 km",Diesel,Manual,Not Available,1st,Not Available,Not Available,"₹ 2,65,000"
"Jagieetpur, Haridwar, Uttaranchal",Volkswagen,Vento,1.6 Trendline,2016,"65,000 km",Petrol,Manual,White,2nd,UK,Comprehensive,"₹ 3,90,000"
"Keshav Vihar, Dehradun, Uttaranchal",Maruti Suzuki,Omni,LPG BS-IV,2006,"80,000 km",Petrol,Manual,Not Available,2nd,Not Available,Not Available,"₹ 60,500"
"Uniyal Gaon, Chamba, Uttaranchal",Mahindra,Bolero,2001-2010 DI DX 7 Seater,2012,"71,000 km",Diesel,Manual,Not Available,2nd,Not Available,Not Available,"₹ 3,40,000"
"Nehru Colony, Dehradun, Uttaranchal",Volkswagen,Jetta,Highline TDI,2011,"80,900 km",Diesel,Manual,Not Available,2nd,Not Available,Not Available,"₹ 3,30,000"
"Purvi Patel Nagar, Dehradun, Uttaranchal",Toyota,Innova,2.5 G (Diesel) 7-Seater,2015,"200,000 km",Diesel,Manual,Not Available,2nd,Not Available,Not Available,"₹ 9,10,000"
"Shimla Bypass Road, Dehradun, Uttaranchal",Maruti Suzuki,SX4,ZDI Leather,2011,"72,000 km",Diesel,Manual,Not Available,2nd,Not Available,Not Available,"₹ 2,70,000"
"Jhanda Mohalla, Dehradun, Uttaranchal",Toyota,Fortuner,3.0 Ltd,2014,"63,000 km",Diesel,Manual,Not Available,2nd,Not Available,Not Available,"₹ 15,50,000"
"National Institute of Visually Handicapped, Dehradun, Uttaranchal",Honda,Amaze,2013-2016 E i-Dtech,2013,"122,000 km",Diesel,Manual,Not Available,1st,Not Available,Not Available,"₹ 3,00,000"
"Tagore Colony, Dehradun, Uttaranchal",Force Motors,Others,Others,2009,"10,000 km",Diesel,Manual,Grey,1st,UK,Comprehensive,"₹ 8,00,000"
"Doon IT Park, Dehradun, Uttaranchal",Volkswagen,Polo GTI,Polo GTI,2019,"9,700 km",Petrol,Automatic,Red,1st,UK,Comprehensive,"₹ 8,90,000"
"Shahpur, Bhagwanpur, Uttaranchal",Hyundai,Santro Xing,XL,2006,"70,000 km",Petrol,Automatic,Not Available,3rd,Not Available,Not Available,"₹ 90,000"
"Majra, Dehradun, Uttaranchal",Hyundai,Santro Xing,Not Available,2007,"45,000 km",Petrol,Manual,Gold,Not Available,UK,No Insurance,"₹ 1,30,000"
"Majra, Dehradun, Uttaranchal",Hyundai,Santro Xing,Not Available,2006,"58,769 km",Petrol,Manual,Black,Not Available,UK,Comprehensive,"₹ 1,15,000"
"Ranipur, Haridwar, Uttaranchal",Tata,Hexa,XTA,2017,"46,000 km",Diesel,Automatic,Grey,1st,UK,No Insurance,"₹ 13,50,000"
